datetime,Sto Nino,San Jose,,,,,,,,,,,,,,,,,,,,,,,,,,,,,,
1/1/2015 0:00,0,6840,,,,,,,,,,,,,,,,,,,,,,,,,,,,,,
2/1/2015 0:00,0,6650,,,,,,,,,,,,,,,,,,,,,,,,,,,,,,
3/1/2015 0:00,0,5890,,,,,,,,,,,,,,,,,,,,,,,,,,,,,,
4/1/2015 0:00,0,5890,,,,,,,,,,,,,,,,,,,,,,,,,,,,,,
5/1/2015 0:00,0,4940,,,,,,,,,,,,,,,,,,,,,,,,,,,,,,
6/1/2015 0:00,0,4790,,,,,,,,,,,,,,,,,,,,,,,,,,,,,,
7/1/2015 0:00,0,4340,,,,,,,,,,,,,,,,,,,,,,,,,,,,,,
8/1/2015 0:00,0,4040,,,,,,,,,,,,,,,,,,,,,,,,,,,,,,
9/1/2015 0:00,0,3890,,,,,,,,,,,,,,,,,,,,,,,,,,,,,,
10/1/2015 0:00,0,3740,,,,,,,,,,,,,,,,,,,,,,,,,,,,,,
11/1/2015 0:00,0,3440,,,,,,,,,,,,,,,,,,,,,,,,,,,,,,
12/1/2015 0:00,0,3440,,,,,,,,,,,,,,,,,,,,,,,,,,,,,,
13/1/2015 0:00,0,3320,,,,,,,,,,,,,,,,,,,,,,,,,,,,,,
14/1/2015 0:00,0,3440,,,,,,,,,,,,,,,,,,,,,,,,,,,,,,
15/1/2015 0:00,0,3320,,,,,,,,,,,,,,,,,,,,,,,,,,,,,,
16/1/2015 0:00,0,3320,,,,,,,,,,,,,,,,,,,,,,,,,,,,,,
17/1/2015 0:00,0,3320,,,,,,,,,,,,,,,,,,,,,,,,,,,,,,
18/1/2015 0:00,0,4790,,,,,,,,,,,,,,,,,,,,,,,,,,,,,,
19/1/2015 0:00,0,4490,,,,,,,,,,,,,,,,,,,,,,,,,,,,,,
20/1/2015 0:00,0,3740,,,,,,,,,,,,,,,,,,,,,,,,,,,,,,
21/1/2015 0:00,0,3440,,,,,,,,,,,,,,,,,,,,,,,,,,,,,,
22/1/2015 0:00,0,3320,,,,,,,,,,,,,,,,,,,,,,,,,,,,,,
23/1/2015 0:00,0,3080,,,,,,,,,,,,,,,,,,,,,,,,,,,,,,
24/1/2015 0:00,0,2480,,,,,,,,,,,,,,,,,,,,,,,,,,,,,,
25/1/2015 0:00,0,2240,,,,,,,,,,,,,,,,,,,,,,,,,,,,,,
26/1/2015 0:00,0,2150,,,,,,,,,,,,,,,,,,,,,,,,,,,,,,
27/1/2015 0:00,0,2060,,,,,,,,,,,,,,,,,,,,,,,,,,,,,,
28/1/2015 0:00,0,2060,,,,,,,,,,,,,,,,,,,,,,,,,,,,,,
29/1/2015 0:00,0,2060,,,,,,,,,,,,,,,,,,,,,,,,,,,,,,
30/1/2015 0:00,0,2060,,,,,,,,,,,,,,,,,,,,,,,,,,,,,,
31/1/2015 0:00,0,2060,,,,,,,,,,,,,,,,,,,,,,,,,,,,,,
1/2/2015 0:00,0,2060,,,,,,,,,,,,,,,,,,,,,,,,,,,,,,
2/2/2015 0:00,0,2060,,,,,,,,,,,,,,,,,,,,,,,,,,,,,,
3/2/2015 0:00,0,1970,,,,,,,,,,,,,,,,,,,,,,,,,,,,,,
4/2/2015 0:00,0,1970,,,,,,,,,,,,,,,,,,,,,,,,,,,,,,
5/2/2015 0:00,0,1970,,,,,,,,,,,,,,,,,,,,,,,,,,,,,,
6/2/2015 0:00,0,1880,,,,,,,,,,,,,,,,,,,,,,,,,,,,,,
7/2/2015 0:00,0,1880,,,,,,,,,,,,,,,,,,,,,,,,,,,,,,
8/2/2015 0:00,0,1880,,,,,,,,,,,,,,,,,,,,,,,,,,,,,,
9/2/2015 0:00,0,1880,,,,,,,,,,,,,,,,,,,,,,,,,,,,,,
10/2/2015 0:00,0,1880,,,,,,,,,,,,,,,,,,,,,,,,,,,,,,
11/2/2015 0:00,0,1880,,,,,,,,,,,,,,,,,,,,,,,,,,,,,,
12/2/2015 0:00,0,1880,,,,,,,,,,,,,,,,,,,,,,,,,,,,,,
13/2/2015 0:00,0,1880,,,,,,,,,,,,,,,,,,,,,,,,,,,,,,
14/2/2015 0:00,0,1880,,,,,,,,,,,,,,,,,,,,,,,,,,,,,,
15/2/2015 0:00,0,1790,,,,,,,,,,,,,,,,,,,,,,,,,,,,,,
16/2/2015 0:00,0,1790,,,,,,,,,,,,,,,,,,,,,,,,,,,,,,
17/2/2015 0:00,0,1790,,,,,,,,,,,,,,,,,,,,,,,,,,,,,,
18/2/2015 0:00,0,1790,,,,,,,,,,,,,,,,,,,,,,,,,,,,,,
19/2/2015 0:00,0,1790,,,,,,,,,,,,,,,,,,,,,,,,,,,,,,
20/2/2015 0:00,0,1790,,,,,,,,,,,,,,,,,,,,,,,,,,,,,,
21/2/2015 0:00,0,1790,,,,,,,,,,,,,,,,,,,,,,,,,,,,,,
22/2/2015 0:00,0,1790,,,,,,,,,,,,,,,,,,,,,,,,,,,,,,
23/2/2015 0:00,0,1790,,,,,,,,,,,,,,,,,,,,,,,,,,,,,,
24/2/2015 0:00,0,1790,,,,,,,,,,,,,,,,,,,,,,,,,,,,,,
25/2/2015 0:00,0,1790,,,,,,,,,,,,,,,,,,,,,,,,,,,,,,
26/2/2015 0:00,0,1880,,,,,,,,,,,,,,,,,,,,,,,,,,,,,,
27/2/2015 0:00,0,1970,,,,,,,,,,,,,,,,,,,,,,,,,,,,,,
28/2/2015 0:00,0,1970,,,,,,,,,,,,,,,,,,,,,,,,,,,,,,
1/3/2015 0:00,0,2060,,,,,,,,,,,,,,,,,,,,,,,,,,,,,,
2/3/2015 0:00,0,2150,,,,,,,,,,,,,,,,,,,,,,,,,,,,,,
3/3/2015 0:00,0,2150,,,,,,,,,,,,,,,,,,,,,,,,,,,,,,
4/3/2015 0:00,0,2240,,,,,,,,,,,,,,,,,,,,,,,,,,,,,,
5/3/2015 0:00,0,2360,,,,,,,,,,,,,,,,,,,,,,,,,,,,,,
6/3/2015 0:00,0,2360,,,,,,,,,,,,,,,,,,,,,,,,,,,,,,
7/3/2015 0:00,0,2360,,,,,,,,,,,,,,,,,,,,,,,,,,,,,,
8/3/2015 0:00,0,2360,,,,,,,,,,,,,,,,,,,,,,,,,,,,,,
9/3/2015 0:00,0,2480,,,,,,,,,,,,,,,,,,,,,,,,,,,,,,
10/3/2015 0:00,0,2600,,,,,,,,,,,,,,,,,,,,,,,,,,,,,,
11/3/2015 0:00,0,2480,,,,,,,,,,,,,,,,,,,,,,,,,,,,,,
12/3/2015 0:00,0,2480,,,,,,,,,,,,,,,,,,,,,,,,,,,,,,
13/3/2015 0:00,0,2600,,,,,,,,,,,,,,,,,,,,,,,,,,,,,,
14/3/2015 0:00,0,2600,,,,,,,,,,,,,,,,,,,,,,,,,,,,,,
15/3/2015 0:00,0,2600,,,,,,,,,,,,,,,,,,,,,,,,,,,,,,
16/3/2015 0:00,0,2720,,,,,,,,,,,,,,,,,,,,,,,,,,,,,,
17/3/2015 0:00,0,2720,,,,,,,,,,,,,,,,,,,,,,,,,,,,,,
18/3/2015 0:00,0,2720,,,,,,,,,,,,,,,,,,,,,,,,,,,,,,
19/3/2015 0:00,0,2720,,,,,,,,,,,,,,,,,,,,,,,,,,,,,,
20/3/2015 0:00,0,2840,,,,,,,,,,,,,,,,,,,,,,,,,,,,,,
21/3/2015 0:00,0,2840,,,,,,,,,,,,,,,,,,,,,,,,,,,,,,
22/3/2015 0:00,0,2960,,,,,,,,,,,,,,,,,,,,,,,,,,,,,,
23/3/2015 0:00,0,3080,,,,,,,,,,,,,,,,,,,,,,,,,,,,,,
24/3/2015 0:00,0,2960,,,,,,,,,,,,,,,,,,,,,,,,,,,,,,
25/3/2015 0:00,0,2960,,,,,,,,,,,,,,,,,,,,,,,,,,,,,,
26/3/2015 0:00,0,2840,,,,,,,,,,,,,,,,,,,,,,,,,,,,,,
27/3/2015 0:00,0,2840,,,,,,,,,,,,,,,,,,,,,,,,,,,,,,
28/3/2015 0:00,0,2960,,,,,,,,,,,,,,,,,,,,,,,,,,,,,,
29/3/2015 0:00,0,2960,,,,,,,,,,,,,,,,,,,,,,,,,,,,,,
30/3/2015 0:00,0,2960,,,,,,,,,,,,,,,,,,,,,,,,,,,,,,
31/3/2015 0:00,0,3080,,,,,,,,,,,,,,,,,,,,,,,,,,,,,,
1/4/2015 0:00,14120,2960,,,,,,,,,,,,,,,,,,,,,,,,,,,,,,
2/4/2015 0:00,14120,3080,,,,,,,,,,,,,,,,,,,,,,,,,,,,,,
3/4/2015 0:00,13800,3080,,,,,,,,,,,,,,,,,,,,,,,,,,,,,,
4/4/2015 0:00,14440,3200,,,,,,,,,,,,,,,,,,,,,,,,,,,,,,
5/4/2015 0:00,14440,3200,,,,,,,,,,,,,,,,,,,,,,,,,,,,,,
6/4/2015 0:00,14760,3200,,,,,,,,,,,,,,,,,,,,,,,,,,,,,,
7/4/2015 0:00,14120,3200,,,,,,,,,,,,,,,,,,,,,,,,,,,,,,
8/4/2015 0:00,14120,3320,,,,,,,,,,,,,,,,,,,,,,,,,,,,,,
9/4/2015 0:00,14440,3440,,,,,,,,,,,,,,,,,,,,,,,,,,,,,,
10/4/2015 0:00,13800,3440,,,,,,,,,,,,,,,,,,,,,,,,,,,,,,
11/4/2015 0:00,14120,3590,,,,,,,,,,,,,,,,,,,,,,,,,,,,,,
12/4/2015 0:00,13800,3740,,,,,,,,,,,,,,,,,,,,,,,,,,,,,,
13/4/2015 0:00,14120,3740,,,,,,,,,,,,,,,,,,,,,,,,,,,,,,
14/4/2015 0:00,14120,3890,,,,,,,,,,,,,,,,,,,,,,,,,,,,,,
15/4/2015 0:00,18550,4040,,,,,,,,,,,,,,,,,,,,,,,,,,,,,,
16/4/2015 0:00,19290,4040,,,,,,,,,,,,,,,,,,,,,,,,,,,,,,
17/4/2015 0:00,19290,4040,,,,,,,,,,,,,,,,,,,,,,,,,,,,,,
18/4/2015 0:00,24900,4040,,,,,,,,,,,,,,,,,,,,,,,,,,,,,,
19/4/2015 0:00,68120,4040,,,,,,,,,,,,,,,,,,,,,,,,,,,,,,
20/4/2015 0:00,66030,4640,,,,,,,,,,,,,,,,,,,,,,,,,,,,,,
21/4/2015 0:00,65360,5130,,,,,,,,,,,,,,,,,,,,,,,,,,,,,,
22/4/2015 0:00,65360,4490,,,,,,,,,,,,,,,,,,,,,,,,,,,,,,
23/4/2015 0:00,69540,4040,,,,,,,,,,,,,,,,,,,,,,,,,,,,,,
24/4/2015 0:00,68830,3890,,,,,,,,,,,,,,,,,,,,,,,,,,,,,,
25/4/2015 0:00,68830,3890,,,,,,,,,,,,,,,,,,,,,,,,,,,,,,
26/4/2015 0:00,66030,3890,,,,,,,,,,,,,,,,,,,,,,,,,,,,,,
27/4/2015 0:00,62680,3890,,,,,,,,,,,,,,,,,,,,,,,,,,,,,,
28/4/2015 0:00,60000,3890,,,,,,,,,,,,,,,,,,,,,,,,,,,,,,
29/4/2015 0:00,58720,3890,,,,,,,,,,,,,,,,,,,,,,,,,,,,,,
30/4/2015 0:00,19680,3890,,,,,,,,,,,,,,,,,,,,,,,,,,,,,,
1/5/2015 0:00,19680,3890,,,,,,,,,,,,,,,,,,,,,,,,,,,,,,
2/5/2015 0:00,19290,3740,,,,,,,,,,,,,,,,,,,,,,,,,,,,,,
3/5/2015 0:00,19290,3740,,,,,,,,,,,,,,,,,,,,,,,,,,,,,,
4/5/2015 0:00,19290,3740,,,,,,,,,,,,,,,,,,,,,,,,,,,,,,
5/5/2015 0:00,19290,3740,,,,,,,,,,,,,,,,,,,,,,,,,,,,,,
6/5/2015 0:00,19290,4040,,,,,,,,,,,,,,,,,,,,,,,,,,,,,,
7/5/2015 0:00,17500,4040,,,,,,,,,,,,,,,,,,,,,,,,,,,,,,
8/5/2015 0:00,17500,3740,,,,,,,,,,,,,,,,,,,,,,,,,,,,,,
9/5/2015 0:00,17500,5130,,,,,,,,,,,,,,,,,,,,,,,,,,,,,,
10/5/2015 0:00,17150,11560,,,,,,,,,,,,,,,,,,,,,,,,,,,,,,
11/5/2015 0:00,16800,10110,,,,,,,,,,,,,,,,,,,,,,,,,,,,,,
12/5/2015 0:00,16800,8280,,,,,,,,,,,,,,,,,,,,,,,,,,,,,,
13/5/2015 0:00,17150,3890,,,,,,,,,,,,,,,,,,,,,,,,,,,,,,
14/5/2015 0:00,17150,3590,,,,,,,,,,,,,,,,,,,,,,,,,,,,,,
15/5/2015 0:00,17150,3080,,,,,,,,,,,,,,,,,,,,,,,,,,,,,,
16/5/2015 0:00,18200,2960,,,,,,,,,,,,,,,,,,,,,,,,,,,,,,
17/5/2015 0:00,18200,2960,,,,,,,,,,,,,,,,,,,,,,,,,,,,,,
18/5/2015 0:00,18200,2840,,,,,,,,,,,,,,,,,,,,,,,,,,,,,,
19/5/2015 0:00,18200,2840,,,,,,,,,,,,,,,,,,,,,,,,,,,,,,
20/5/2015 0:00,18900,2840,,,,,,,,,,,,,,,,,,,,,,,,,,,,,,
21/5/2015 0:00,19290,2840,,,,,,,,,,,,,,,,,,,,,,,,,,,,,,
22/5/2015 0:00,18900,2840,,,,,,,,,,,,,,,,,,,,,,,,,,,,,,
23/5/2015 0:00,17850,2840,,,,,,,,,,,,,,,,,,,,,,,,,,,,,,
24/5/2015 0:00,17850,2960,,,,,,,,,,,,,,,,,,,,,,,,,,,,,,
25/5/2015 0:00,18900,2720,,,,,,,,,,,,,,,,,,,,,,,,,,,,,,
26/5/2015 0:00,18900,2720,,,,,,,,,,,,,,,,,,,,,,,,,,,,,,
27/5/2015 0:00,18900,2720,,,,,,,,,,,,,,,,,,,,,,,,,,,,,,
28/5/2015 0:00,18900,2720,,,,,,,,,,,,,,,,,,,,,,,,,,,,,,
29/5/2015 0:00,18200,2720,,,,,,,,,,,,,,,,,,,,,,,,,,,,,,
30/5/2015 0:00,17500,2600,,,,,,,,,,,,,,,,,,,,,,,,,,,,,,
31/5/2015 0:00,17850,2600,,,,,,,,,,,,,,,,,,,,,,,,,,,,,,
1/6/2015 0:00,18550,2480,,,,,,,,,,,,,,,,,,,,,,,,,,,,,,
2/6/2015 0:00,18550,2480,,,,,,,,,,,,,,,,,,,,,,,,,,,,,,
3/6/2015 0:00,18550,3200,,,,,,,,,,,,,,,,,,,,,,,,,,,,,,
4/6/2015 0:00,18550,3320,,,,,,,,,,,,,,,,,,,,,,,,,,,,,,
5/6/2015 0:00,17850,2480,,,,,,,,,,,,,,,,,,,,,,,,,,,,,,
6/6/2015 0:00,17500,2360,,,,,,,,,,,,,,,,,,,,,,,,,,,,,,
7/6/2015 0:00,17500,2480,,,,,,,,,,,,,,,,,,,,,,,,,,,,,,
8/6/2015 0:00,18550,2840,,,,,,,,,,,,,,,,,,,,,,,,,,,,,,
9/6/2015 0:00,18200,3440,,,,,,,,,,,,,,,,,,,,,,,,,,,,,,
10/6/2015 0:00,18200,6270,,,,,,,,,,,,,,,,,,,,,,,,,,,,,,
11/6/2015 0:00,18200,5890,,,,,,,,,,,,,,,,,,,,,,,,,,,,,,
12/6/2015 0:00,17150,4940,,,,,,,,,,,,,,,,,,,,,,,,,,,,,,
13/6/2015 0:00,17150,4040,,,,,,,,,,,,,,,,,,,,,,,,,,,,,,
14/6/2015 0:00,15400,3440,,,,,,,,,,,,,,,,,,,,,,,,,,,,,,
15/6/2015 0:00,14760,3440,,,,,,,,,,,,,,,,,,,,,,,,,,,,,,
16/6/2015 0:00,15080,2720,,,,,,,,,,,,,,,,,,,,,,,,,,,,,,
17/6/2015 0:00,13800,2150,,,,,,,,,,,,,,,,,,,,,,,,,,,,,,
18/6/2015 0:00,16100,2240,,,,,,,,,,,,,,,,,,,,,,,,,,,,,,
19/6/2015 0:00,37660,2240,,,,,,,,,,,,,,,,,,,,,,,,,,,,,,
20/6/2015 0:00,36100,3440,,,,,,,,,,,,,,,,,,,,,,,,,,,,,,
21/6/2015 0:00,30680,6460,,,,,,,,,,,,,,,,,,,,,,,,,,,,,,
22/6/2015 0:00,26160,5130,,,,,,,,,,,,,,,,,,,,,,,,,,,,,,
23/6/2015 0:00,25320,3590,,,,,,,,,,,,,,,,,,,,,,,,,,,,,,
24/6/2015 0:00,23640,2600,,,,,,,,,,,,,,,,,,,,,,,,,,,,,,
25/6/2015 0:00,32100,3320,,,,,,,,,,,,,,,,,,,,,,,,,,,,,,
26/6/2015 0:00,28840,2840,,,,,,,,,,,,,,,,,,,,,,,,,,,,,,
27/6/2015 0:00,25320,6650,,,,,,,,,,,,,,,,,,,,,,,,,,,,,,
28/6/2015 0:00,25740,5510,,,,,,,,,,,,,,,,,,,,,,,,,,,,,,
29/6/2015 0:00,24900,5700,,,,,,,,,,,,,,,,,,,,,,,,,,,,,,
30/6/2015 0:00,25320,10980,,,,,,,,,,,,,,,,,,,,,,,,,,,,,,
1/7/2015 0:00,30220,6080,,,,,,,,,,,,,,,,,,,,,,,,,,,,,,
2/7/2015 0:00,86660,10690,,,,,,,,,,,,,,,,,,,,,,,,,,,,,,
3/7/2015 0:00,70250,10980,,,,,,,,,,,,,,,,,,,,,,,,,,,,,,
4/7/2015 0:00,62010,16050,,,,,,,,,,,,,,,,,,,,,,,,,,,,,,
5/7/2015 0:00,70960,28840,,,,,,,,,,,,,,,,,,,,,,,,,,,,,,
6/7/2015 0:00,83540,37560,,,,,,,,,,,,,,,,,,,,,,,,,,,,,,
7/7/2015 0:00,83540,51240,,,,,,,,,,,,,,,,,,,,,,,,,,,,,,
8/7/2015 0:00,90620,280290,,,,,,,,,,,,,,,,,,,,,,,,,,,,,,
9/7/2015 0:00,88220,196640,,,,,,,,,,,,,,,,,,,,,,,,,,,,,,
10/7/2015 0:00,138000,172340,,,,,,,,,,,,,,,,,,,,,,,,,,,,,,
11/7/2015 0:00,116240,56580,,,,,,,,,,,,,,,,,,,,,,,,,,,,,,
12/7/2015 0:00,93050,29940,,,,,,,,,,,,,,,,,,,,,,,,,,,,,,
13/7/2015 0:00,75280,14940,,,,,,,,,,,,,,,,,,,,,,,,,,,,,,
14/7/2015 0:00,41900,7320,,,,,,,,,,,,,,,,,,,,,,,,,,,,,,
15/7/2015 0:00,38190,7800,,,,,,,,,,,,,,,,,,,,,,,,,,,,,,
16/7/2015 0:00,36100,8520,,,,,,,,,,,,,,,,,,,,,,,,,,,,,,
17/7/2015 0:00,33100,5320,,,,,,,,,,,,,,,,,,,,,,,,,,,,,,
18/7/2015 0:00,31140,3320,,,,,,,,,,,,,,,,,,,,,,,,,,,,,,
19/7/2015 0:00,30680,2720,,,,,,,,,,,,,,,,,,,,,,,,,,,,,,
20/7/2015 0:00,31600,3890,,,,,,,,,,,,,,,,,,,,,,,,,,,,,,
21/7/2015 0:00,32600,9240,,,,,,,,,,,,,,,,,,,,,,,,,,,,,,
22/7/2015 0:00,51200,4640,,,,,,,,,,,,,,,,,,,,,,,,,,,,,,
23/7/2015 0:00,32100,4190,,,,,,,,,,,,,,,,,,,,,,,,,,,,,,
24/7/2015 0:00,73800,4790,,,,,,,,,,,,,,,,,,,,,,,,,,,,,,
25/7/2015 0:00,70960,4940,,,,,,,,,,,,,,,,,,,,,,,,,,,,,,
26/7/2015 0:00,88220,7800,,,,,,,,,,,,,,,,,,,,,,,,,,,,,,
27/7/2015 0:00,88220,9530,,,,,,,,,,,,,,,,,,,,,,,,,,,,,,
28/7/2015 0:00,58720,27190,,,,,,,,,,,,,,,,,,,,,,,,,,,,,,
29/7/2015 0:00,48800,50440,,,,,,,,,,,,,,,,,,,,,,,,,,,,,,
30/7/2015 0:00,55520,56580,,,,,,,,,,,,,,,,,,,,,,,,,,,,,,
31/7/2015 0:00,60670,65090,,,,,,,,,,,,,,,,,,,,,,,,,,,,,,
1/8/2015 0:00,58720,51240,,,,,,,,,,,,,,,,,,,,,,,,,,,,,,
2/8/2015 0:00,60000,47240,,,,,,,,,,,,,,,,,,,,,,,,,,,,,,
3/8/2015 0:00,74540,58360,,,,,,,,,,,,,,,,,,,,,,,,,,,,,,
4/8/2015 0:00,101350,35520,,,,,,,,,,,,,,,,,,,,,,,,,,,,,,
5/8/2015 0:00,48800,21620,,,,,,,,,,,,,,,,,,,,,,,,,,,,,,
6/8/2015 0:00,46460,7560,,,,,,,,,,,,,,,,,,,,,,,,,,,,,,
7/8/2015 0:00,74540,4640,,,,,,,,,,,,,,,,,,,,,,,,,,,,,,
8/8/2015 0:00,48200,6270,,,,,,,,,,,,,,,,,,,,,,,,,,,,,,
9/8/2015 0:00,50000,4940,,,,,,,,,,,,,,,,,,,,,,,,,,,,,,
10/8/2015 0:00,50000,23030,,,,,,,,,,,,,,,,,,,,,,,,,,,,,,
11/8/2015 0:00,76020,18100,,,,,,,,,,,,,,,,,,,,,,,,,,,,,,
12/8/2015 0:00,62010,8760,,,,,,,,,,,,,,,,,,,,,,,,,,,,,,
13/8/2015 0:00,58080,13540,,,,,,,,,,,,,,,,,,,,,,,,,,,,,,
14/8/2015 0:00,58720,15640,,,,,,,,,,,,,,,,,,,,,,,,,,,,,,
15/8/2015 0:00,80460,36850,,,,,,,,,,,,,,,,,,,,,,,,,,,,,,
16/8/2015 0:00,64690,39690,,,,,,,,,,,,,,,,,,,,,,,,,,,,,,
17/8/2015 0:00,50600,27190,,,,,,,,,,,,,,,,,,,,,,,,,,,,,,
18/8/2015 0:00,48800,18510,,,,,,,,,,,,,,,,,,,,,,,,,,,,,,
19/8/2015 0:00,45890,14240,,,,,,,,,,,,,,,,,,,,,,,,,,,,,,
20/8/2015 0:00,47600,11560,,,,,,,,,,,,,,,,,,,,,,,,,,,,,,
21/8/2015 0:00,90620,39690,,,,,,,,,,,,,,,,,,,,,,,,,,,,,,
22/8/2015 0:00,110000,83460,,,,,,,,,,,,,,,,,,,,,,,,,,,,,,
23/8/2015 0:00,103900,110790,,,,,,,,,,,,,,,,,,,,,,,,,,,,,,
24/8/2015 0:00,101350,107890,,,,,,,,,,,,,,,,,,,,,,,,,,,,,,
25/8/2015 0:00,127400,93140,,,,,,,,,,,,,,,,,,,,,,,,,,,,,,
26/8/2015 0:00,119920,32420,,,,,,,,,,,,,,,,,,,,,,,,,,,,,,
27/8/2015 0:00,68120,16460,,,,,,,,,,,,,,,,,,,,,,,,,,,,,,
28/8/2015 0:00,99650,10110,,,,,,,,,,,,,,,,,,,,,,,,,,,,,,
29/8/2015 0:00,73090,15290,,,,,,,,,,,,,,,,,,,,,,,,,,,,,,
30/8/2015 0:00,66030,11270,,,,,,,,,,,,,,,,,,,,,,,,,,,,,,
31/8/2015 0:00,113520,9000,,,,,,,,,,,,,,,,,,,,,,,,,,,,,,
1/9/2015 0:00,81980,10400,,,,,,,,,,,,,,,,,,,,,,,,,,,,,,
2/9/2015 0:00,71670,9530,,,,,,,,,,,,,,,,,,,,,,,,,,,,,,
3/9/2015 0:00,74540,10110,,,,,,,,,,,,,,,,,,,,,,,,,,,,,,
4/9/2015 0:00,91430,18920,,,,,,,,,,,,,,,,,,,,,,,,,,,,,,
5/9/2015 0:00,101350,27190,,,,,,,,,,,,,,,,,,,,,,,,,,,,,,
6/9/2015 0:00,89000,17690,,,,,,,,,,,,,,,,,,,,,,,,,,,,,,
7/9/2015 0:00,95480,26090,,,,,,,,,,,,,,,,,,,,,,,,,,,,,,
8/9/2015 0:00,92240,37560,,,,,,,,,,,,,,,,,,,,,,,,,,,,,,
9/9/2015 0:00,110000,34280,,,,,,,,,,,,,,,,,,,,,,,,,,,,,,
10/9/2015 0:00,81980,22560,,,,,,,,,,,,,,,,,,,,,,,,,,,,,,
11/9/2015 0:00,82760,28840,,,,,,,,,,,,,,,,,,,,,,,,,,,,,,
12/9/2015 0:00,79720,31180,,,,,,,,,,,,,,,,,,,,,,,,,,,,,,
13/9/2015 0:00,83540,22090,,,,,,,,,,,,,,,,,,,,,,,,,,,,,,
14/9/2015 0:00,89810,44040,,,,,,,,,,,,,,,,,,,,,,,,,,,,,,
15/9/2015 0:00,114400,44040,,,,,,,,,,,,,,,,,,,,,,,,,,,,,,
16/9/2015 0:00,97950,24440,,,,,,,,,,,,,,,,,,,,,,,,,,,,,,
17/9/2015 0:00,97950,22560,,,,,,,,,,,,,,,,,,,,,,,,,,,,,,
18/9/2015 0:00,97100,18510,,,,,,,,,,,,,,,,,,,,,,,,,,,,,,
19/9/2015 0:00,71670,14590,,,,,,,,,,,,,,,,,,,,,,,,,,,,,,
20/9/2015 0:00,78240,21150,,,,,,,,,,,,,,,,,,,,,,,,,,,,,,
21/9/2015 0:00,68830,18510,,,,,,,,,,,,,,,,,,,,,,,,,,,,,,
22/9/2015 0:00,85880,12840,,,,,,,,,,,,,,,,,,,,,,,,,,,,,,
23/9/2015 0:00,104750,9530,,,,,,,,,,,,,,,,,,,,,,,,,,,,,,
24/9/2015 0:00,90620,10110,,,,,,,,,,,,,,,,,,,,,,,,,,,,,,
25/9/2015 0:00,63350,13190,,,,,,,,,,,,,,,,,,,,,,,,,,,,,,
26/9/2015 0:00,65360,19740,,,,,,,,,,,,,,,,,,,,,,,,,,,,,,
27/9/2015 0:00,100500,18100,,,,,,,,,,,,,,,,,,,,,,,,,,,,,,
28/9/2015 0:00,118080,19330,,,,,,,,,,,,,,,,,,,,,,,,,,,,,,
29/9/2015 0:00,89000,23500,,,,,,,,,,,,,,,,,,,,,,,,,,,,,,
30/9/2015 0:00,68830,21620,,,,,,,,,,,,,,,,,,,,,,,,,,,,,,
1/10/2015 0:00,68830,24440,,,,,,,,,,,,,,,,,,,,,,,,,,,,,,
2/10/2015 0:00,276700,627410,,,,,,,,,,,,,,,,,,,,,,,,,,,,,,
3/10/2015 0:00,140940,216150,,,,,,,,,,,,,,,,,,,,,,,,,,,,,,
4/10/2015 0:00,128350,141870,,,,,,,,,,,,,,,,,,,,,,,,,,,,,,
5/10/2015 0:00,118080,115140,,,,,,,,,,,,,,,,,,,,,,,,,,,,,,
6/10/2015 0:00,86660,41110,,,,,,,,,,,,,,,,,,,,,,,,,,,,,,
7/10/2015 0:00,68120,18920,,,,,,,,,,,,,,,,,,,,,,,,,,,,,,
8/10/2015 0:00,123600,18100,,,,,,,,,,,,,,,,,,,,,,,,,,,,,,
9/10/2015 0:00,83540,18100,,,,,,,,,,,,,,,,,,,,,,,,,,,,,,
10/10/2015 0:00,64690,15640,,,,,,,,,,,,,,,,,,,,,,,,,,,,,,
11/10/2015 0:00,57440,23030,,,,,,,,,,,,,,,,,,,,,,,,,,,,,,
12/10/2015 0:00,47030,16050,,,,,,,,,,,,,,,,,,,,,,,,,,,,,,
13/10/2015 0:00,38720,11850,,,,,,,,,,,,,,,,,,,,,,,,,,,,,,
14/10/2015 0:00,43610,15640,,,,,,,,,,,,,,,,,,,,,,,,,,,,,,
15/10/2015 0:00,54240,12490,,,,,,,,,,,,,,,,,,,,,,,,,,,,,,
16/10/2015 0:00,64690,6460,,,,,,,,,,,,,,,,,,,,,,,,,,,,,,
17/10/2015 0:00,123600,15640,,,,,,,,,,,,,,,,,,,,,,,,,,,,,,
18/10/2015 0:00,295050,1263180,,,,,,,,,,,,,,,,,,,,,,,,,,,,,,
19/10/2015 0:00,153100,140160,,,,,,,,,,,,,,,,,,,,,,,,,,,,,,
20/10/2015 0:00,150040,44040,,,,,,,,,,,,,,,,,,,,,,,,,,,,,,
21/10/2015 0:00,73800,18510,,,,,,,,,,,,,,,,,,,,,,,,,,,,,,
22/10/2015 0:00,69540,11270,,,,,,,,,,,,,,,,,,,,,,,,,,,,,,
23/10/2015 0:00,70250,12840,,,,,,,,,,,,,,,,,,,,,,,,,,,,,,
24/10/2015 0:00,68830,9820,,,,,,,,,,,,,,,,,,,,,,,,,,,,,,
25/10/2015 0:00,63350,10980,,,,,,,,,,,,,,,,,,,,,,,,,,,,,,
26/10/2015 0:00,55520,10110,,,,,,,,,,,,,,,,,,,,,,,,,,,,,,
27/10/2015 0:00,53000,7080,,,,,,,,,,,,,,,,,,,,,,,,,,,,,,
28/10/2015 0:00,49400,6650,,,,,,,,,,,,,,,,,,,,,,,,,,,,,,
29/10/2015 0:00,45890,5700,,,,,,,,,,,,,,,,,,,,,,,,,,,,,,
30/10/2015 0:00,45890,5320,,,,,,,,,,,,,,,,,,,,,,,,,,,,,,
31/10/2015 0:00,43610,4640,,,,,,,,,,,,,,,,,,,,,,,,,,,,,,
1/11/2015 0:00,39250,4640,,,,,,,,,,,,,,,,,,,,,,,,,,,,,,
2/11/2015 0:00,36100,5130,,,,,,,,,,,,,,,,,,,,,,,,,,,,,,
3/11/2015 0:00,34100,4640,,,,,,,,,,,,,,,,,,,,,,,,,,,,,,
4/11/2015 0:00,32100,4190,,,,,,,,,,,,,,,,,,,,,,,,,,,,,,
5/11/2015 0:00,33600,4040,,,,,,,,,,,,,,,,,,,,,,,,,,,,,,
6/11/2015 0:00,33100,3890,,,,,,,,,,,,,,,,,,,,,,,,,,,,,,
7/11/2015 0:00,32600,3890,,,,,,,,,,,,,,,,,,,,,,,,,,,,,,
8/11/2015 0:00,31600,4040,,,,,,,,,,,,,,,,,,,,,,,,,,,,,,
9/11/2015 0:00,29300,5130,,,,,,,,,,,,,,,,,,,,,,,,,,,,,,
10/11/2015 0:00,28380,4940,,,,,,,,,,,,,,,,,,,,,,,,,,,,,,
11/11/2015 0:00,26160,4340,,,,,,,,,,,,,,,,,,,,,,,,,,,,,,
12/11/2015 0:00,25740,3890,,,,,,,,,,,,,,,,,,,,,,,,,,,,,,
13/11/2015 0:00,24900,3590,,,,,,,,,,,,,,,,,,,,,,,,,,,,,,
14/11/2015 0:00,24480,3200,,,,,,,,,,,,,,,,,,,,,,,,,,,,,,
15/11/2015 0:00,23640,3200,,,,,,,,,,,,,,,,,,,,,,,,,,,,,,
16/11/2015 0:00,22800,3200,,,,,,,,,,,,,,,,,,,,,,,,,,,,,,
17/11/2015 0:00,22800,3080,,,,,,,,,,,,,,,,,,,,,,,,,,,,,,
18/11/2015 0:00,22800,2960,,,,,,,,,,,,,,,,,,,,,,,,,,,,,,
19/11/2015 0:00,22020,2840,,,,,,,,,,,,,,,,,,,,,,,,,,,,,,
20/11/2015 0:00,22020,2840,,,,,,,,,,,,,,,,,,,,,,,,,,,,,,
21/11/2015 0:00,22410,2840,,,,,,,,,,,,,,,,,,,,,,,,,,,,,,
22/11/2015 0:00,21630,2720,,,,,,,,,,,,,,,,,,,,,,,,,,,,,,
23/11/2015 0:00,21240,2720,,,,,,,,,,,,,,,,,,,,,,,,,,,,,,
24/11/2015 0:00,21240,2480,,,,,,,,,,,,,,,,,,,,,,,,,,,,,,
25/11/2015 0:00,21240,2600,,,,,,,,,,,,,,,,,,,,,,,,,,,,,,
26/11/2015 0:00,21630,2480,,,,,,,,,,,,,,,,,,,,,,,,,,,,,,
27/11/2015 0:00,21240,2360,,,,,,,,,,,,,,,,,,,,,,,,,,,,,,
28/11/2015 0:00,21240,2360,,,,,,,,,,,,,,,,,,,,,,,,,,,,,,
29/11/2015 0:00,21240,2240,,,,,,,,,,,,,,,,,,,,,,,,,,,,,,
30/11/2015 0:00,21240,2240,,,,,,,,,,,,,,,,,,,,,,,,,,,,,,
1/12/2015 0:00,21240,2150,,,,,,,,,,,,,,,,,,,,,,,,,,,,,,
2/12/2015 0:00,21240,2150,,,,,,,,,,,,,,,,,,,,,,,,,,,,,,
3/12/2015 0:00,20460,2150,,,,,,,,,,,,,,,,,,,,,,,,,,,,,,
4/12/2015 0:00,20460,2150,,,,,,,,,,,,,,,,,,,,,,,,,,,,,,
5/12/2015 0:00,20460,2480,,,,,,,,,,,,,,,,,,,,,,,,,,,,,,
6/12/2015 0:00,20460,2600,,,,,,,,,,,,,,,,,,,,,,,,,,,,,,
7/12/2015 0:00,20850,2600,,,,,,,,,,,,,,,,,,,,,,,,,,,,,,
8/12/2015 0:00,20460,2480,,,,,,,,,,,,,,,,,,,,,,,,,,,,,,
9/12/2015 0:00,20070,2480,,,,,,,,,,,,,,,,,,,,,,,,,,,,,,
10/12/2015 0:00,20070,2360,,,,,,,,,,,,,,,,,,,,,,,,,,,,,,
11/12/2015 0:00,20460,2360,,,,,,,,,,,,,,,,,,,,,,,,,,,,,,
12/12/2015 0:00,19290,2360,,,,,,,,,,,,,,,,,,,,,,,,,,,,,,
13/12/2015 0:00,18550,2360,,,,,,,,,,,,,,,,,,,,,,,,,,,,,,
14/12/2015 0:00,18900,2480,,,,,,,,,,,,,,,,,,,,,,,,,,,,,,
15/12/2015 0:00,21630,4940,,,,,,,,,,,,,,,,,,,,,,,,,,,,,,
16/12/2015 0:00,139960,36850,,,,,,,,,,,,,,,,,,,,,,,,,,,,,,
17/12/2015 0:00,120840,78840,,,,,,,,,,,,,,,,,,,,,,,,,,,,,,
18/12/2015 0:00,100500,47240,,,,,,,,,,,,,,,,,,,,,,,,,,,,,,
19/12/2015 0:00,69540,74440,,,,,,,,,,,,,,,,,,,,,,,,,,,,,,
20/12/2015 0:00,38720,63110,,,,,,,,,,,,,,,,,,,,,,,,,,,,,,
21/12/2015 0:00,33100,31180,,,,,,,,,,,,,,,,,,,,,,,,,,,,,,
22/12/2015 0:00,32100,20680,,,,,,,,,,,,,,,,,,,,,,,,,,,,,,
23/12/2015 0:00,31140,14240,,,,,,,,,,,,,,,,,,,,,,,,,,,,,,
24/12/2015 0:00,31140,10980,,,,,,,,,,,,,,,,,,,,,,,,,,,,,,
25/12/2015 0:00,30680,6650,,,,,,,,,,,,,,,,,,,,,,,,,,,,,,
26/12/2015 0:00,30220,5320,,,,,,,,,,,,,,,,,,,,,,,,,,,,,,
27/12/2015 0:00,29300,5320,,,,,,,,,,,,,,,,,,,,,,,,,,,,,,
28/12/2015 0:00,29760,4940,,,,,,,,,,,,,,,,,,,,,,,,,,,,,,
29/12/2015 0:00,29760,4340,,,,,,,,,,,,,,,,,,,,,,,,,,,,,,
30/12/2015 0:00,29300,3890,,,,,,,,,,,,,,,,,,,,,,,,,,,,,,
31/12/2015 0:00,29300,3590,,,,,,,,,,,,,,,,,,,,,,,,,,,,,,
1/1/2016 0:00,27460,3160,,,,,,,,,,,,,,,,,,,,,,,,,,,,,,
2/1/2016 0:00,33100,2620,,,,,,,,,,,,,,,,,,,,,,,,,,,,,,
3/1/2016 0:00,24900,2530,,,,,,,,,,,,,,,,,,,,,,,,,,,,,,
4/1/2016 0:00,24900,2350,,,,,,,,,,,,,,,,,,,,,,,,,,,,,,
5/1/2016 0:00,24480,2210,,,,,,,,,,,,,,,,,,,,,,,,,,,,,,
6/1/2016 0:00,24900,2140,,,,,,,,,,,,,,,,,,,,,,,,,,,,,,
7/1/2016 0:00,24060,2070,,,,,,,,,,,,,,,,,,,,,,,,,,,,,,
8/1/2016 0:00,24060,1930,,,,,,,,,,,,,,,,,,,,,,,,,,,,,,
9/1/2016 0:00,23220,1860,,,,,,,,,,,,,,,,,,,,,,,,,,,,,,
10/1/2016 0:00,22800,1720,,,,,,,,,,,,,,,,,,,,,,,,,,,,,,
11/1/2016 0:00,22020,1590,,,,,,,,,,,,,,,,,,,,,,,,,,,,,,
12/1/2016 0:00,19290,1650,,,,,,,,,,,,,,,,,,,,,,,,,,,,,,
13/1/2016 0:00,18200,1590,,,,,,,,,,,,,,,,,,,,,,,,,,,,,,
14/1/2016 0:00,18550,1530,,,,,,,,,,,,,,,,,,,,,,,,,,,,,,
15/1/2016 0:00,18550,1470,,,,,,,,,,,,,,,,,,,,,,,,,,,,,,
16/1/2016 0:00,17850,1350,,,,,,,,,,,,,,,,,,,,,,,,,,,,,,
17/1/2016 0:00,17850,1230,,,,,,,,,,,,,,,,,,,,,,,,,,,,,,
18/1/2016 0:00,17850,1230,,,,,,,,,,,,,,,,,,,,,,,,,,,,,,
19/1/2016 0:00,17500,1170,,,,,,,,,,,,,,,,,,,,,,,,,,,,,,
20/1/2016 0:00,17150,1170,,,,,,,,,,,,,,,,,,,,,,,,,,,,,,
21/1/2016 0:00,17150,1110,,,,,,,,,,,,,,,,,,,,,,,,,,,,,,
22/1/2016 0:00,16450,1050,,,,,,,,,,,,,,,,,,,,,,,,,,,,,,
23/1/2016 0:00,16450,1050,,,,,,,,,,,,,,,,,,,,,,,,,,,,,,
24/1/2016 0:00,15750,1010,,,,,,,,,,,,,,,,,,,,,,,,,,,,,,
25/1/2016 0:00,15750,1010,,,,,,,,,,,,,,,,,,,,,,,,,,,,,,
26/1/2016 0:00,15750,1010,,,,,,,,,,,,,,,,,,,,,,,,,,,,,,
27/1/2016 0:00,15750,1010,,,,,,,,,,,,,,,,,,,,,,,,,,,,,,
28/1/2016 0:00,15750,1010,,,,,,,,,,,,,,,,,,,,,,,,,,,,,,
29/1/2016 0:00,15750,970,,,,,,,,,,,,,,,,,,,,,,,,,,,,,,
30/1/2016 0:00,15750,1010,,,,,,,,,,,,,,,,,,,,,,,,,,,,,,
31/1/2016 0:00,15750,930,,,,,,,,,,,,,,,,,,,,,,,,,,,,,,
1/2/2016 0:00,15750,930,,,,,,,,,,,,,,,,,,,,,,,,,,,,,,
2/2/2016 0:00,15400,970,,,,,,,,,,,,,,,,,,,,,,,,,,,,,,
3/2/2016 0:00,15080,930,,,,,,,,,,,,,,,,,,,,,,,,,,,,,,
4/2/2016 0:00,15080,930,,,,,,,,,,,,,,,,,,,,,,,,,,,,,,
5/2/2016 0:00,14440,890,,,,,,,,,,,,,,,,,,,,,,,,,,,,,,
6/2/2016 0:00,14440,890,,,,,,,,,,,,,,,,,,,,,,,,,,,,,,
7/2/2016 0:00,14120,890,,,,,,,,,,,,,,,,,,,,,,,,,,,,,,
8/2/2016 0:00,13800,850,,,,,,,,,,,,,,,,,,,,,,,,,,,,,,
9/2/2016 0:00,13800,850,,,,,,,,,,,,,,,,,,,,,,,,,,,,,,
10/2/2016 0:00,13800,810,,,,,,,,,,,,,,,,,,,,,,,,,,,,,,
11/2/2016 0:00,13800,770,,,,,,,,,,,,,,,,,,,,,,,,,,,,,,
12/2/2016 0:00,13160,770,,,,,,,,,,,,,,,,,,,,,,,,,,,,,,
13/2/2016 0:00,13160,770,,,,,,,,,,,,,,,,,,,,,,,,,,,,,,
14/2/2016 0:00,13160,770,,,,,,,,,,,,,,,,,,,,,,,,,,,,,,
15/2/2016 0:00,12840,770,,,,,,,,,,,,,,,,,,,,,,,,,,,,,,
16/2/2016 0:00,12840,730,,,,,,,,,,,,,,,,,,,,,,,,,,,,,,
17/2/2016 0:00,12840,730,,,,,,,,,,,,,,,,,,,,,,,,,,,,,,
18/2/2016 0:00,12840,730,,,,,,,,,,,,,,,,,,,,,,,,,,,,,,
19/2/2016 0:00,12200,730,,,,,,,,,,,,,,,,,,,,,,,,,,,,,,
20/2/2016 0:00,12200,690,,,,,,,,,,,,,,,,,,,,,,,,,,,,,,
21/2/2016 0:00,12200,690,,,,,,,,,,,,,,,,,,,,,,,,,,,,,,
22/2/2016 0:00,11640,650,,,,,,,,,,,,,,,,,,,,,,,,,,,,,,
23/2/2016 0:00,11640,650,,,,,,,,,,,,,,,,,,,,,,,,,,,,,,
24/2/2016 0:00,11080,650,,,,,,,,,,,,,,,,,,,,,,,,,,,,,,
25/2/2016 0:00,11080,620,,,,,,,,,,,,,,,,,,,,,,,,,,,,,,
26/2/2016 0:00,10520,620,,,,,,,,,,,,,,,,,,,,,,,,,,,,,,
27/2/2016 0:00,10520,620,,,,,,,,,,,,,,,,,,,,,,,,,,,,,,
28/2/2016 0:00,9960,620,,,,,,,,,,,,,,,,,,,,,,,,,,,,,,
29/2/2016 0:00,9960,620,,,,,,,,,,,,,,,,,,,,,,,,,,,,,,
1/3/2016 0:00,9960,590,,,,,,,,,,,,,,,,,,,,,,,,,,,,,,
2/3/2016 0:00,9960,590,,,,,,,,,,,,,,,,,,,,,,,,,,,,,,
3/3/2016 0:00,9400,650,,,,,,,,,,,,,,,,,,,,,,,,,,,,,,
4/3/2016 0:00,9400,620,,,,,,,,,,,,,,,,,,,,,,,,,,,,,,
5/3/2016 0:00,9400,620,,,,,,,,,,,,,,,,,,,,,,,,,,,,,,
6/3/2016 0:00,8920,590,,,,,,,,,,,,,,,,,,,,,,,,,,,,,,
7/3/2016 0:00,8920,590,,,,,,,,,,,,,,,,,,,,,,,,,,,,,,
8/3/2016 0:00,8920,590,,,,,,,,,,,,,,,,,,,,,,,,,,,,,,
9/3/2016 0:00,8440,590,,,,,,,,,,,,,,,,,,,,,,,,,,,,,,
10/3/2016 0:00,8440,590,,,,,,,,,,,,,,,,,,,,,,,,,,,,,,
11/3/2016 0:00,7960,590,,,,,,,,,,,,,,,,,,,,,,,,,,,,,,
12/3/2016 0:00,7960,590,,,,,,,,,,,,,,,,,,,,,,,,,,,,,,
13/3/2016 0:00,7960,590,,,,,,,,,,,,,,,,,,,,,,,,,,,,,,
14/3/2016 0:00,7480,620,,,,,,,,,,,,,,,,,,,,,,,,,,,,,,
15/3/2016 0:00,7480,730,,,,,,,,,,,,,,,,,,,,,,,,,,,,,,
16/3/2016 0:00,7480,690,,,,,,,,,,,,,,,,,,,,,,,,,,,,,,
17/3/2016 0:00,7480,690,,,,,,,,,,,,,,,,,,,,,,,,,,,,,,
18/3/2016 0:00,7480,690,,,,,,,,,,,,,,,,,,,,,,,,,,,,,,
19/3/2016 0:00,7480,650,,,,,,,,,,,,,,,,,,,,,,,,,,,,,,
20/3/2016 0:00,7240,650,,,,,,,,,,,,,,,,,,,,,,,,,,,,,,
21/3/2016 0:00,7240,650,,,,,,,,,,,,,,,,,,,,,,,,,,,,,,
22/3/2016 0:00,6790,620,,,,,,,,,,,,,,,,,,,,,,,,,,,,,,
23/3/2016 0:00,6790,620,,,,,,,,,,,,,,,,,,,,,,,,,,,,,,
24/3/2016 0:00,6790,620,,,,,,,,,,,,,,,,,,,,,,,,,,,,,,
25/3/2016 0:00,6790,620,,,,,,,,,,,,,,,,,,,,,,,,,,,,,,
26/3/2016 0:00,6370,620,,,,,,,,,,,,,,,,,,,,,,,,,,,,,,
27/3/2016 0:00,6370,620,,,,,,,,,,,,,,,,,,,,,,,,,,,,,,
28/3/2016 0:00,6370,620,,,,,,,,,,,,,,,,,,,,,,,,,,,,,,
29/3/2016 0:00,6580,620,,,,,,,,,,,,,,,,,,,,,,,,,,,,,,
30/3/2016 0:00,6370,620,,,,,,,,,,,,,,,,,,,,,,,,,,,,,,
31/3/2016 0:00,6370,620,,,,,,,,,,,,,,,,,,,,,,,,,,,,,,
1/4/2016 0:00,6160,620,,,,,,,,,,,,,,,,,,,,,,,,,,,,,,
2/4/2016 0:00,5950,620,,,,,,,,,,,,,,,,,,,,,,,,,,,,,,
3/4/2016 0:00,6160,620,,,,,,,,,,,,,,,,,,,,,,,,,,,,,,
4/4/2016 0:00,5950,620,,,,,,,,,,,,,,,,,,,,,,,,,,,,,,
5/4/2016 0:00,5950,650,,,,,,,,,,,,,,,,,,,,,,,,,,,,,,
6/4/2016 0:00,5950,650,,,,,,,,,,,,,,,,,,,,,,,,,,,,,,
7/4/2016 0:00,5950,650,,,,,,,,,,,,,,,,,,,,,,,,,,,,,,
8/4/2016 0:00,6370,650,,,,,,,,,,,,,,,,,,,,,,,,,,,,,,
9/4/2016 0:00,6580,650,,,,,,,,,,,,,,,,,,,,,,,,,,,,,,
10/4/2016 0:00,6160,650,,,,,,,,,,,,,,,,,,,,,,,,,,,,,,
11/4/2016 0:00,6160,650,,,,,,,,,,,,,,,,,,,,,,,,,,,,,,
12/4/2016 0:00,5740,650,,,,,,,,,,,,,,,,,,,,,,,,,,,,,,
13/4/2016 0:00,6160,650,,,,,,,,,,,,,,,,,,,,,,,,,,,,,,
14/4/2016 0:00,6160,650,,,,,,,,,,,,,,,,,,,,,,,,,,,,,,
15/4/2016 0:00,6580,650,,,,,,,,,,,,,,,,,,,,,,,,,,,,,,
16/4/2016 0:00,12200,650,,,,,,,,,,,,,,,,,,,,,,,,,,,,,,
17/4/2016 0:00,13160,650,,,,,,,,,,,,,,,,,,,,,,,,,,,,,,
18/4/2016 0:00,13480,690,,,,,,,,,,,,,,,,,,,,,,,,,,,,,,
19/4/2016 0:00,12840,690,,,,,,,,,,,,,,,,,,,,,,,,,,,,,,
20/4/2016 0:00,8440,690,,,,,,,,,,,,,,,,,,,,,,,,,,,,,,
21/4/2016 0:00,7480,690,,,,,,,,,,,,,,,,,,,,,,,,,,,,,,
22/4/2016 0:00,6160,690,,,,,,,,,,,,,,,,,,,,,,,,,,,,,,
23/4/2016 0:00,6160,690,,,,,,,,,,,,,,,,,,,,,,,,,,,,,,
24/4/2016 0:00,6160,690,,,,,,,,,,,,,,,,,,,,,,,,,,,,,,
25/4/2016 0:00,6160,690,,,,,,,,,,,,,,,,,,,,,,,,,,,,,,
26/4/2016 0:00,5740,690,,,,,,,,,,,,,,,,,,,,,,,,,,,,,,
27/4/2016 0:00,7480,730,,,,,,,,,,,,,,,,,,,,,,,,,,,,,,
28/4/2016 0:00,5950,770,,,,,,,,,,,,,,,,,,,,,,,,,,,,,,
29/4/2016 0:00,5530,850,,,,,,,,,,,,,,,,,,,,,,,,,,,,,,
30/4/2016 0:00,5530,890,,,,,,,,,,,,,,,,,,,,,,,,,,,,,,
1/5/2016 0:00,4730,1010,,,,,,,,,,,,,,,,,,,,,,,,,,,,,,
2/5/2016 0:00,4730,1010,,,,,,,,,,,,,,,,,,,,,,,,,,,,,,
3/5/2016 0:00,4560,930,,,,,,,,,,,,,,,,,,,,,,,,,,,,,,
4/5/2016 0:00,4560,850,,,,,,,,,,,,,,,,,,,,,,,,,,,,,,
5/5/2016 0:00,4220,850,,,,,,,,,,,,,,,,,,,,,,,,,,,,,,
6/5/2016 0:00,4390,810,,,,,,,,,,,,,,,,,,,,,,,,,,,,,,
7/5/2016 0:00,4050,890,,,,,,,,,,,,,,,,,,,,,,,,,,,,,,
8/5/2016 0:00,3710,850,,,,,,,,,,,,,,,,,,,,,,,,,,,,,,
9/5/2016 0:00,3370,810,,,,,,,,,,,,,,,,,,,,,,,,,,,,,,
10/5/2016 0:00,3370,850,,,,,,,,,,,,,,,,,,,,,,,,,,,,,,
11/5/2016 0:00,3060,810,,,,,,,,,,,,,,,,,,,,,,,,,,,,,,
12/5/2016 0:00,3060,810,,,,,,,,,,,,,,,,,,,,,,,,,,,,,,
13/5/2016 0:00,3060,770,,,,,,,,,,,,,,,,,,,,,,,,,,,,,,
14/5/2016 0:00,3060,810,,,,,,,,,,,,,,,,,,,,,,,,,,,,,,
15/5/2016 0:00,3370,770,,,,,,,,,,,,,,,,,,,,,,,,,,,,,,
16/5/2016 0:00,3370,770,,,,,,,,,,,,,,,,,,,,,,,,,,,,,,
17/5/2016 0:00,3540,890,,,,,,,,,,,,,,,,,,,,,,,,,,,,,,
18/5/2016 0:00,3540,970,,,,,,,,,,,,,,,,,,,,,,,,,,,,,,
19/5/2016 0:00,7000,2620,,,,,,,,,,,,,,,,,,,,,,,,,,,,,,
20/5/2016 0:00,7000,3070,,,,,,,,,,,,,,,,,,,,,,,,,,,,,,
21/5/2016 0:00,8920,2530,,,,,,,,,,,,,,,,,,,,,,,,,,,,,,
22/5/2016 0:00,7240,2140,,,,,,,,,,,,,,,,,,,,,,,,,,,,,,
23/5/2016 0:00,7000,1860,,,,,,,,,,,,,,,,,,,,,,,,,,,,,,
24/5/2016 0:00,7000,1530,,,,,,,,,,,,,,,,,,,,,,,,,,,,,,
25/5/2016 0:00,11920,1410,,,,,,,,,,,,,,,,,,,,,,,,,,,,,,
26/5/2016 0:00,40840,1720,,,,,,,,,,,,,,,,,,,,,,,,,,,,,,
27/5/2016 0:00,29760,1590,,,,,,,,,,,,,,,,,,,,,,,,,,,,,,
28/5/2016 0:00,31600,1530,,,,,,,,,,,,,,,,,,,,,,,,,,,,,,
29/5/2016 0:00,26580,1720,,,,,,,,,,,,,,,,,,,,,,,,,,,,,,
30/5/2016 0:00,22410,1530,,,,,,,,,,,,,,,,,,,,,,,,,,,,,,
31/5/2016 0:00,21240,1720,,,,,,,,,,,,,,,,,,,,,,,,,,,,,,
1/6/2016 0:00,33600,1790,,,,,,,,,,,,,,,,,,,,,,,,,,,,,,
2/6/2016 0:00,41370,1650,,,,,,,,,,,,,,,,,,,,,,,,,,,,,,
3/6/2016 0:00,36600,3160,,,,,,,,,,,,,,,,,,,,,,,,,,,,,,
4/6/2016 0:00,38720,3070,,,,,,,,,,,,,,,,,,,,,,,,,,,,,,
5/6/2016 0:00,30220,2890,,,,,,,,,,,,,,,,,,,,,,,,,,,,,,
6/6/2016 0:00,46460,3160,,,,,,,,,,,,,,,,,,,,,,,,,,,,,,
7/6/2016 0:00,54240,2890,,,,,,,,,,,,,,,,,,,,,,,,,,,,,,
8/6/2016 0:00,34600,2530,,,,,,,,,,,,,,,,,,,,,,,,,,,,,,
9/6/2016 0:00,30220,2620,,,,,,,,,,,,,,,,,,,,,,,,,,,,,,
10/6/2016 0:00,34100,2890,,,,,,,,,,,,,,,,,,,,,,,,,,,,,,
11/6/2016 0:00,37660,2980,,,,,,,,,,,,,,,,,,,,,,,,,,,,,,
12/6/2016 0:00,37660,4240,,,,,,,,,,,,,,,,,,,,,,,,,,,,,,
13/6/2016 0:00,32600,3470,,,,,,,,,,,,,,,,,,,,,,,,,,,,,,
14/6/2016 0:00,33600,3160,,,,,,,,,,,,,,,,,,,,,,,,,,,,,,
15/6/2016 0:00,34600,2800,,,,,,,,,,,,,,,,,,,,,,,,,,,,,,
16/6/2016 0:00,50600,2530,,,,,,,,,,,,,,,,,,,,,,,,,,,,,,
17/6/2016 0:00,44750,2440,,,,,,,,,,,,,,,,,,,,,,,,,,,,,,
18/6/2016 0:00,44180,2350,,,,,,,,,,,,,,,,,,,,,,,,,,,,,,
19/6/2016 0:00,56160,6850,,,,,,,,,,,,,,,,,,,,,,,,,,,,,,
20/6/2016 0:00,48200,2980,,,,,,,,,,,,,,,,,,,,,,,,,,,,,,
21/6/2016 0:00,58720,3160,,,,,,,,,,,,,,,,,,,,,,,,,,,,,,
22/6/2016 0:00,44180,6250,,,,,,,,,,,,,,,,,,,,,,,,,,,,,,
23/6/2016 0:00,58720,5130,,,,,,,,,,,,,,,,,,,,,,,,,,,,,,
24/6/2016 0:00,80460,2890,,,,,,,,,,,,,,,,,,,,,,,,,,,,,,
25/6/2016 0:00,57440,2530,,,,,,,,,,,,,,,,,,,,,,,,,,,,,,
26/6/2016 0:00,60000,2440,,,,,,,,,,,,,,,,,,,,,,,,,,,,,,
27/6/2016 0:00,65360,2140,,,,,,,,,,,,,,,,,,,,,,,,,,,,,,
28/6/2016 0:00,68120,2140,,,,,,,,,,,,,,,,,,,,,,,,,,,,,,
29/6/2016 0:00,45890,2070,,,,,,,,,,,,,,,,,,,,,,,,,,,,,,
30/6/2016 0:00,43040,2070,,,,,,,,,,,,,,,,,,,,,,,,,,,,,,
1/7/2016 0:00,43610,2070,,,,,,,,,,,,,,,,,,,,,,,,,,,,,,
2/7/2016 0:00,43610,2140,,,,,,,,,,,,,,,,,,,,,,,,,,,,,,
3/7/2016 0:00,52400,2350,,,,,,,,,,,,,,,,,,,,,,,,,,,,,,
4/7/2016 0:00,46460,2210,,,,,,,,,,,,,,,,,,,,,,,,,,,,,,
5/7/2016 0:00,42470,2140,,,,,,,,,,,,,,,,,,,,,,,,,,,,,,
6/7/2016 0:00,42470,2140,,,,,,,,,,,,,,,,,,,,,,,,,,,,,,
7/7/2016 0:00,123600,2280,,,,,,,,,,,,,,,,,,,,,,,,,,,,,,
8/7/2016 0:00,141920,124450,,,,,,,,,,,,,,,,,,,,,,,,,,,,,,
9/7/2016 0:00,42470,22130,,,,,,,,,,,,,,,,,,,,,,,,,,,,,,
10/7/2016 0:00,51800,8170,,,,,,,,,,,,,,,,,,,,,,,,,,,,,,
11/7/2016 0:00,42470,9450,,,,,,,,,,,,,,,,,,,,,,,,,,,,,,
12/7/2016 0:00,40840,5800,,,,,,,,,,,,,,,,,,,,,,,,,,,,,,
13/7/2016 0:00,39250,3910,,,,,,,,,,,,,,,,,,,,,,,,,,,,,,
14/7/2016 0:00,37130,5130,,,,,,,,,,,,,,,,,,,,,,,,,,,,,,
15/7/2016 0:00,35600,3690,,,,,,,,,,,,,,,,,,,,,,,,,,,,,,
16/7/2016 0:00,35100,3470,,,,,,,,,,,,,,,,,,,,,,,,,,,,,,
17/7/2016 0:00,34600,3910,,,,,,,,,,,,,,,,,,,,,,,,,,,,,,
18/7/2016 0:00,29760,4610,,,,,,,,,,,,,,,,,,,,,,,,,,,,,,
19/7/2016 0:00,28840,2890,,,,,,,,,,,,,,,,,,,,,,,,,,,,,,
20/7/2016 0:00,36100,2980,,,,,,,,,,,,,,,,,,,,,,,,,,,,,,
21/7/2016 0:00,36100,3070,,,,,,,,,,,,,,,,,,,,,,,,,,,,,,
22/7/2016 0:00,44180,4610,,,,,,,,,,,,,,,,,,,,,,,,,,,,,,
23/7/2016 0:00,40310,4240,,,,,,,,,,,,,,,,,,,,,,,,,,,,,,
24/7/2016 0:00,33600,6550,,,,,,,,,,,,,,,,,,,,,,,,,,,,,,
25/7/2016 0:00,34100,7490,,,,,,,,,,,,,,,,,,,,,,,,,,,,,,
26/7/2016 0:00,35100,5000,,,,,,,,,,,,,,,,,,,,,,,,,,,,,,
27/7/2016 0:00,38720,4240,,,,,,,,,,,,,,,,,,,,,,,,,,,,,,
28/7/2016 0:00,41370,4130,,,,,,,,,,,,,,,,,,,,,,,,,,,,,,
29/7/2016 0:00,34600,4350,,,,,,,,,,,,,,,,,,,,,,,,,,,,,,
30/7/2016 0:00,33600,4350,,,,,,,,,,,,,,,,,,,,,,,,,,,,,,
31/7/2016 0:00,34100,6100,,,,,,,,,,,,,,,,,,,,,,,,,,,,,,
1/8/2016 0:00,0,8680,,,,,,,,,,,,,,,,,,,,,,,,,,,,,,
2/8/2016 0:00,0,9250,,,,,,,,,,,,,,,,,,,,,,,,,,,,,,
3/8/2016 0:00,0,4870,,,,,,,,,,,,,,,,,,,,,,,,,,,,,,
4/8/2016 0:00,0,4350,,,,,,,,,,,,,,,,,,,,,,,,,,,,,,
5/8/2016 0:00,0,3690,,,,,,,,,,,,,,,,,,,,,,,,,,,,,,
6/8/2016 0:00,0,3800,,,,,,,,,,,,,,,,,,,,,,,,,,,,,,
7/8/2016 0:00,0,4610,,,,,,,,,,,,,,,,,,,,,,,,,,,,,,
8/8/2016 0:00,0,38490,,,,,,,,,,,,,,,,,,,,,,,,,,,,,,
9/8/2016 0:00,0,30190,,,,,,,,,,,,,,,,,,,,,,,,,,,,,,
10/8/2016 0:00,80460,27070,,,,,,,,,,,,,,,,,,,,,,,,,,,,,,
11/8/2016 0:00,95480,26330,,,,,,,,,,,,,,,,,,,,,,,,,,,,,,
12/8/2016 0:00,203250,38490,,,,,,,,,,,,,,,,,,,,,,,,,,,,,,
13/8/2016 0:00,685140,617590,,,,,,,,,,,,,,,,,,,,,,,,,,,,,,
14/8/2016 0:00,396770,446190,,,,,,,,,,,,,,,,,,,,,,,,,,,,,,
15/8/2016 0:00,324300,84730,,,,,,,,,,,,,,,,,,,,,,,,,,,,,,
16/8/2016 0:00,135060,100370,,,,,,,,,,,,,,,,,,,,,,,,,,,,,,
17/8/2016 0:00,99650,41850,,,,,,,,,,,,,,,,,,,,,,,,,,,,,,
18/8/2016 0:00,89000,37050,,,,,,,,,,,,,,,,,,,,,,,,,,,,,,
19/8/2016 0:00,97950,23150,,,,,,,,,,,,,,,,,,,,,,,,,,,,,,
20/8/2016 0:00,93050,23830,,,,,,,,,,,,,,,,,,,,,,,,,,,,,,
21/8/2016 0:00,90620,33970,,,,,,,,,,,,,,,,,,,,,,,,,,,,,,
22/8/2016 0:00,102200,27810,,,,,,,,,,,,,,,,,,,,,,,,,,,,,,
23/8/2016 0:00,94670,20210,,,,,,,,,,,,,,,,,,,,,,,,,,,,,,
24/8/2016 0:00,79720,17230,,,,,,,,,,,,,,,,,,,,,,,,,,,,,,
25/8/2016 0:00,75280,27070,,,,,,,,,,,,,,,,,,,,,,,,,,,,,,
26/8/2016 0:00,102200,31420,,,,,,,,,,,,,,,,,,,,,,,,,,,,,,
27/8/2016 0:00,86660,29780,,,,,,,,,,,,,,,,,,,,,,,,,,,,,,
28/8/2016 0:00,94670,39930,,,,,,,,,,,,,,,,,,,,,,,,,,,,,,
29/8/2016 0:00,89810,119550,,,,,,,,,,,,,,,,,,,,,,,,,,,,,,
30/8/2016 0:00,93050,47500,,,,,,,,,,,,,,,,,,,,,,,,,,,,,,
31/8/2016 0:00,108240,22470,,,,,,,,,,,,,,,,,,,,,,,,,,,,,,
1/9/2016 0:00,91430,14300,,,,,,,,,,,,,,,,,,,,,,,,,,,,,,
2/9/2016 0:00,87440,18660,,,,,,,,,,,,,,,,,,,,,,,,,,,,,,
3/9/2016 0:00,87440,20520,,,,,,,,,,,,,,,,,,,,,,,,,,,,,,
4/9/2016 0:00,85880,28550,,,,,,,,,,,,,,,,,,,,,,,,,,,,,,
5/9/2016 0:00,78240,24170,,,,,,,,,,,,,,,,,,,,,,,,,,,,,,
6/9/2016 0:00,89000,13550,,,,,,,,,,,,,,,,,,,,,,,,,,,,,,
7/9/2016 0:00,100500,14050,,,,,,,,,,,,,,,,,,,,,,,,,,,,,,
8/9/2016 0:00,98800,16110,,,,,,,,,,,,,,,,,,,,,,,,,,,,,,
9/9/2016 0:00,96290,14800,,,,,,,,,,,,,,,,,,,,,,,,,,,,,,
10/9/2016 0:00,114400,13300,,,,,,,,,,,,,,,,,,,,,,,,,,,,,,
11/9/2016 0:00,106480,12170,,,,,,,,,,,,,,,,,,,,,,,,,,,,,,
12/9/2016 0:00,103900,11950,,,,,,,,,,,,,,,,,,,,,,,,,,,,,,
13/9/2016 0:00,82760,11510,,,,,,,,,,,,,,,,,,,,,,,,,,,,,,
14/9/2016 0:00,74540,13300,,,,,,,,,,,,,,,,,,,,,,,,,,,,,,
15/9/2016 0:00,34600,17230,,,,,,,,,,,,,,,,,,,,,,,,,,,,,,
16/9/2016 0:00,36100,23150,,,,,,,,,,,,,,,,,,,,,,,,,,,,,,
17/9/2016 0:00,76760,27440,,,,,,,,,,,,,,,,,,,,,,,,,,,,,,
18/9/2016 0:00,70250,16670,,,,,,,,,,,,,,,,,,,,,,,,,,,,,,
19/9/2016 0:00,48800,17790,,,,,,,,,,,,,,,,,,,,,,,,,,,,,,
20/9/2016 0:00,50000,23830,,,,,,,,,,,,,,,,,,,,,,,,,,,,,,
21/9/2016 0:00,50000,20830,,,,,,,,,,,,,,,,,,,,,,,,,,,,,,
22/9/2016 0:00,49400,16390,,,,,,,,,,,,,,,,,,,,,,,,,,,,,,
23/9/2016 0:00,37130,16670,,,,,,,,,,,,,,,,,,,,,,,,,,,,,,
24/9/2016 0:00,133100,17510,,,,,,,,,,,,,,,,,,,,,,,,,,,,,,
25/9/2016 0:00,56800,19590,,,,,,,,,,,,,,,,,,,,,,,,,,,,,,
26/9/2016 0:00,138000,23150,,,,,,,,,,,,,,,,,,,,,,,,,,,,,,
27/9/2016 0:00,125500,24510,,,,,,,,,,,,,,,,,,,,,,,,,,,,,,
28/9/2016 0:00,416900,161170,,,,,,,,,,,,,,,,,,,,,,,,,,,,,,
29/9/2016 0:00,124550,95210,,,,,,,,,,,,,,,,,,,,,,,,,,,,,,
30/9/2016 0:00,118080,36610,,,,,,,,,,,,,,,,,,,,,,,,,,,,,,
1/10/2016 0:00,104750,32650,,,,,,,,,,,,,,,,,,,,,,,,,,,,,,
2/10/2016 0:00,109120,27070,,,,,,,,,,,,,,,,,,,,,,,,,,,,,,
3/10/2016 0:00,117160,23490,,,,,,,,,,,,,,,,,,,,,,,,,,,,,,
4/10/2016 0:00,146980,38490,,,,,,,,,,,,,,,,,,,,,,,,,,,,,,
5/10/2016 0:00,109120,31010,,,,,,,,,,,,,,,,,,,,,,,,,,,,,,
6/10/2016 0:00,117160,26700,,,,,,,,,,,,,,,,,,,,,,,,,,,,,,
7/10/2016 0:00,116240,24170,,,,,,,,,,,,,,,,,,,,,,,,,,,,,,
8/10/2016 0:00,41900,21140,,,,,,,,,,,,,,,,,,,,,,,,,,,,,,
9/10/2016 0:00,43610,16110,,,,,,,,,,,,,,,,,,,,,,,,,,,,,,
10/10/2016 0:00,27920,14800,,,,,,,,,,,,,,,,,,,,,,,,,,,,,,
11/10/2016 0:00,174500,16110,,,,,,,,,,,,,,,,,,,,,,,,,,,,,,
12/10/2016 0:00,132150,16670,,,,,,,,,,,,,,,,,,,,,,,,,,,,,,
13/10/2016 0:00,97950,14800,,,,,,,,,,,,,,,,,,,,,,,,,,,,,,
14/10/2016 0:00,45320,17510,,,,,,,,,,,,,,,,,,,,,,,,,,,,,,
15/10/2016 0:00,204440,54220,,,,,,,,,,,,,,,,,,,,,,,,,,,,,,
16/10/2016 0:00,328800,83970,,,,,,,,,,,,,,,,,,,,,,,,,,,,,,
17/10/2016 0:00,151060,50250,,,,,,,,,,,,,,,,,,,,,,,,,,,,,,
18/10/2016 0:00,39250,34410,,,,,,,,,,,,,,,,,,,,,,,,,,,,,,
19/10/2016 0:00,39780,25220,,,,,,,,,,,,,,,,,,,,,,,,,,,,,,
20/10/2016 0:00,64020,22810,,,,,,,,,,,,,,,,,,,,,,,,,,,,,,
21/10/2016 0:00,98800,14050,,,,,,,,,,,,,,,,,,,,,,,,,,,,,,
22/10/2016 0:00,78980,13050,,,,,,,,,,,,,,,,,,,,,,,,,,,,,,
23/10/2016 0:00,71670,11510,,,,,,,,,,,,,,,,,,,,,,,,,,,,,,
24/10/2016 0:00,71670,10450,,,,,,,,,,,,,,,,,,,,,,,,,,,,,,
25/10/2016 0:00,53000,11070,,,,,,,,,,,,,,,,,,,,,,,,,,,,,,
26/10/2016 0:00,47600,11510,,,,,,,,,,,,,,,,,,,,,,,,,,,,,,
27/10/2016 0:00,0,10450,,,,,,,,,,,,,,,,,,,,,,,,,,,,,,
28/10/2016 0:00,0,10450,,,,,,,,,,,,,,,,,,,,,,,,,,,,,,
29/10/2016 0:00,0,9650,,,,,,,,,,,,,,,,,,,,,,,,,,,,,,
30/10/2016 0:00,0,9250,,,,,,,,,,,,,,,,,,,,,,,,,,,,,,
31/10/2016 0:00,0,8680,,,,,,,,,,,,,,,,,,,,,,,,,,,,,,
1/11/2016 0:00,0,8340,,,,,,,,,,,,,,,,,,,,,,,,,,,,,,
2/11/2016 0:00,0,8680,,,,,,,,,,,,,,,,,,,,,,,,,,,,,,
3/11/2016 0:00,0,32650,,,,,,,,,,,,,,,,,,,,,,,,,,,,,,
4/11/2016 0:00,0,19590,,,,,,,,,,,,,,,,,,,,,,,,,,,,,,
5/11/2016 0:00,0,15300,,,,,,,,,,,,,,,,,,,,,,,,,,,,,,
6/11/2016 0:00,0,12830,,,,,,,,,,,,,,,,,,,,,,,,,,,,,,
7/11/2016 0:00,0,12170,,,,,,,,,,,,,,,,,,,,,,,,,,,,,,
8/11/2016 0:00,0,9450,,,,,,,,,,,,,,,,,,,,,,,,,,,,,,
9/11/2016 0:00,0,8850,,,,,,,,,,,,,,,,,,,,,,,,,,,,,,
10/11/2016 0:00,0,8510,,,,,,,,,,,,,,,,,,,,,,,,,,,,,,
11/11/2016 0:00,0,8850,,,,,,,,,,,,,,,,,,,,,,,,,,,,,,
12/11/2016 0:00,0,8510,,,,,,,,,,,,,,,,,,,,,,,,,,,,,,
13/11/2016 0:00,0,8510,,,,,,,,,,,,,,,,,,,,,,,,,,,,,,
14/11/2016 0:00,0,8510,,,,,,,,,,,,,,,,,,,,,,,,,,,,,,
15/11/2016 0:00,0,8850,,,,,,,,,,,,,,,,,,,,,,,,,,,,,,
16/11/2016 0:00,0,14050,,,,,,,,,,,,,,,,,,,,,,,,,,,,,,
17/11/2016 0:00,0,11290,,,,,,,,,,,,,,,,,,,,,,,,,,,,,,
18/11/2016 0:00,0,10850,,,,,,,,,,,,,,,,,,,,,,,,,,,,,,
19/11/2016 0:00,0,9250,,,,,,,,,,,,,,,,,,,,,,,,,,,,,,
20/11/2016 0:00,0,8680,,,,,,,,,,,,,,,,,,,,,,,,,,,,,,
21/11/2016 0:00,0,8680,,,,,,,,,,,,,,,,,,,,,,,,,,,,,,
22/11/2016 0:00,0,9250,,,,,,,,,,,,,,,,,,,,,,,,,,,,,,
23/11/2016 0:00,0,9050,,,,,,,,,,,,,,,,,,,,,,,,,,,,,,
24/11/2016 0:00,0,8680,,,,,,,,,,,,,,,,,,,,,,,,,,,,,,
25/11/2016 0:00,0,9050,,,,,,,,,,,,,,,,,,,,,,,,,,,,,,
26/11/2016 0:00,0,8170,,,,,,,,,,,,,,,,,,,,,,,,,,,,,,
27/11/2016 0:00,0,8510,,,,,,,,,,,,,,,,,,,,,,,,,,,,,,
28/11/2016 0:00,0,8000,,,,,,,,,,,,,,,,,,,,,,,,,,,,,,
29/11/2016 0:00,0,8170,,,,,,,,,,,,,,,,,,,,,,,,,,,,,,
30/11/2016 0:00,0,7490,,,,,,,,,,,,,,,,,,,,,,,,,,,,,,
1/12/2016 0:00,0,7490,,,,,,,,,,,,,,,,,,,,,,,,,,,,,,
2/12/2016 0:00,0,7660,,,,,,,,,,,,,,,,,,,,,,,,,,,,,,
3/12/2016 0:00,0,7660,,,,,,,,,,,,,,,,,,,,,,,,,,,,,,
4/12/2016 0:00,0,7150,,,,,,,,,,,,,,,,,,,,,,,,,,,,,,
5/12/2016 0:00,0,7150,,,,,,,,,,,,,,,,,,,,,,,,,,,,,,
6/12/2016 0:00,0,7490,,,,,,,,,,,,,,,,,,,,,,,,,,,,,,
7/12/2016 0:00,0,7490,,,,,,,,,,,,,,,,,,,,,,,,,,,,,,
8/12/2016 0:00,0,7320,,,,,,,,,,,,,,,,,,,,,,,,,,,,,,
9/12/2016 0:00,0,7320,,,,,,,,,,,,,,,,,,,,,,,,,,,,,,
10/12/2016 0:00,0,7490,,,,,,,,,,,,,,,,,,,,,,,,,,,,,,
11/12/2016 0:00,0,16670,,,,,,,,,,,,,,,,,,,,,,,,,,,,,,
12/12/2016 0:00,0,77930,,,,,,,,,,,,,,,,,,,,,,,,,,,,,,
13/12/2016 0:00,0,37530,,,,,,,,,,,,,,,,,,,,,,,,,,,,,,
14/12/2016 0:00,0,28180,,,,,,,,,,,,,,,,,,,,,,,,,,,,,,
15/12/2016 0:00,0,21450,,,,,,,,,,,,,,,,,,,,,,,,,,,,,,
16/12/2016 0:00,0,13300,,,,,,,,,,,,,,,,,,,,,,,,,,,,,,
17/12/2016 0:00,0,10450,,,,,,,,,,,,,,,,,,,,,,,,,,,,,,
18/12/2016 0:00,0,10250,,,,,,,,,,,,,,,,,,,,,,,,,,,,,,
19/12/2016 0:00,0,14800,,,,,,,,,,,,,,,,,,,,,,,,,,,,,,
20/12/2016 0:00,0,13800,,,,,,,,,,,,,,,,,,,,,,,,,,,,,,
21/12/2016 0:00,0,11950,,,,,,,,,,,,,,,,,,,,,,,,,,,,,,
22/12/2016 0:00,0,11730,,,,,,,,,,,,,,,,,,,,,,,,,,,,,,
23/12/2016 0:00,0,10850,,,,,,,,,,,,,,,,,,,,,,,,,,,,,,
24/12/2016 0:00,0,9850,,,,,,,,,,,,,,,,,,,,,,,,,,,,,,
25/12/2016 0:00,0,9650,,,,,,,,,,,,,,,,,,,,,,,,,,,,,,
26/12/2016 0:00,0,72170,,,,,,,,,,,,,,,,,,,,,,,,,,,,,,
27/12/2016 0:00,0,55990,,,,,,,,,,,,,,,,,,,,,,,,,,,,,,
28/12/2016 0:00,0,24510,,,,,,,,,,,,,,,,,,,,,,,,,,,,,,
29/12/2016 0:00,0,18660,,,,,,,,,,,,,,,,,,,,,,,,,,,,,,
30/12/2016 0:00,0,15300,,,,,,,,,,,,,,,,,,,,,,,,,,,,,,
31/12/2016 0:00,0,14050,,,,,,,,,,,,,,,,,,,,,,,,,,,,,,
1/1/2017 0:00,23400,13050,,,,,,,,,,,,,,,,,,,,,,,,,,,,,,
2/1/2017 0:00,17720,11950,,,,,,,,,,,,,,,,,,,,,,,,,,,,,,
3/1/2017 0:00,17560,10850,,,,,,,,,,,,,,,,,,,,,,,,,,,,,,
4/1/2017 0:00,17720,11070,,,,,,,,,,,,,,,,,,,,,,,,,,,,,,
5/1/2017 0:00,18040,10450,,,,,,,,,,,,,,,,,,,,,,,,,,,,,,
6/1/2017 0:00,18040,9450,,,,,,,,,,,,,,,,,,,,,,,,,,,,,,
7/1/2017 0:00,18040,9850,,,,,,,,,,,,,,,,,,,,,,,,,,,,,,
8/1/2017 0:00,18360,9250,,,,,,,,,,,,,,,,,,,,,,,,,,,,,,
9/1/2017 0:00,19170,8340,,,,,,,,,,,,,,,,,,,,,,,,,,,,,,
10/1/2017 0:00,19510,10250,,,,,,,,,,,,,,,,,,,,,,,,,,,,,,
11/1/2017 0:00,18520,11290,,,,,,,,,,,,,,,,,,,,,,,,,,,,,,
12/1/2017 0:00,18360,10050,,,,,,,,,,,,,,,,,,,,,,,,,,,,,,
13/1/2017 0:00,18040,8680,,,,,,,,,,,,,,,,,,,,,,,,,,,,,,
14/1/2017 0:00,18040,9050,,,,,,,,,,,,,,,,,,,,,,,,,,,,,,
15/1/2017 0:00,17720,9050,,,,,,,,,,,,,,,,,,,,,,,,,,,,,,
16/1/2017 0:00,17720,10050,,,,,,,,,,,,,,,,,,,,,,,,,,,,,,
17/1/2017 0:00,17400,9050,,,,,,,,,,,,,,,,,,,,,,,,,,,,,,
18/1/2017 0:00,17400,8510,,,,,,,,,,,,,,,,,,,,,,,,,,,,,,
19/1/2017 0:00,17400,8510,,,,,,,,,,,,,,,,,,,,,,,,,,,,,,
20/1/2017 0:00,18040,9850,,,,,,,,,,,,,,,,,,,,,,,,,,,,,,
21/1/2017 0:00,17880,15050,,,,,,,,,,,,,,,,,,,,,,,,,,,,,,
22/1/2017 0:00,17720,16950,,,,,,,,,,,,,,,,,,,,,,,,,,,,,,
23/1/2017 0:00,17720,15050,,,,,,,,,,,,,,,,,,,,,,,,,,,,,,
24/1/2017 0:00,22220,12610,,,,,,,,,,,,,,,,,,,,,,,,,,,,,,
25/1/2017 0:00,19680,10250,,,,,,,,,,,,,,,,,,,,,,,,,,,,,,
26/1/2017 0:00,19000,9650,,,,,,,,,,,,,,,,,,,,,,,,,,,,,,
27/1/2017 0:00,18840,8850,,,,,,,,,,,,,,,,,,,,,,,,,,,,,,
28/1/2017 0:00,18680,8850,,,,,,,,,,,,,,,,,,,,,,,,,,,,,,
29/1/2017 0:00,17560,8340,,,,,,,,,,,,,,,,,,,,,,,,,,,,,,
30/1/2017 0:00,17560,8170,,,,,,,,,,,,,,,,,,,,,,,,,,,,,,
31/1/2017 0:00,17100,7490,,,,,,,,,,,,,,,,,,,,,,,,,,,,,,
1/2/2017 0:00,19340,8340,,,,,,,,,,,,,,,,,,,,,,,,,,,,,,
2/2/2017 0:00,26070,10250,,,,,,,,,,,,,,,,,,,,,,,,,,,,,,
3/2/2017 0:00,22800,11510,,,,,,,,,,,,,,,,,,,,,,,,,,,,,,
4/2/2017 0:00,21650,10450,,,,,,,,,,,,,,,,,,,,,,,,,,,,,,
5/2/2017 0:00,18840,9650,,,,,,,,,,,,,,,,,,,,,,,,,,,,,,
6/2/2017 0:00,21460,9450,,,,,,,,,,,,,,,,,,,,,,,,,,,,,,
7/2/2017 0:00,30580,8850,,,,,,,,,,,,,,,,,,,,,,,,,,,,,,
8/2/2017 0:00,12720,8170,,,,,,,,,,,,,,,,,,,,,,,,,,,,,,
9/2/2017 0:00,12600,8170,,,,,,,,,,,,,,,,,,,,,,,,,,,,,,
10/2/2017 0:00,12240,7660,,,,,,,,,,,,,,,,,,,,,,,,,,,,,,
11/2/2017 0:00,12120,7660,,,,,,,,,,,,,,,,,,,,,,,,,,,,,,
12/2/2017 0:00,11520,7490,,,,,,,,,,,,,,,,,,,,,,,,,,,,,,
13/2/2017 0:00,11400,6700,,,,,,,,,,,,,,,,,,,,,,,,,,,,,,
14/2/2017 0:00,11280,6250,,,,,,,,,,,,,,,,,,,,,,,,,,,,,,
15/2/2017 0:00,11160,6250,,,,,,,,,,,,,,,,,,,,,,,,,,,,,,
16/2/2017 0:00,11160,6400,,,,,,,,,,,,,,,,,,,,,,,,,,,,,,
17/2/2017 0:00,11160,6550,,,,,,,,,,,,,,,,,,,,,,,,,,,,,,
18/2/2017 0:00,11760,7320,,,,,,,,,,,,,,,,,,,,,,,,,,,,,,
19/2/2017 0:00,11400,7320,,,,,,,,,,,,,,,,,,,,,,,,,,,,,,
20/2/2017 0:00,11520,6850,,,,,,,,,,,,,,,,,,,,,,,,,,,,,,
21/2/2017 0:00,11160,7150,,,,,,,,,,,,,,,,,,,,,,,,,,,,,,
22/2/2017 0:00,10920,6700,,,,,,,,,,,,,,,,,,,,,,,,,,,,,,
23/2/2017 0:00,10920,6550,,,,,,,,,,,,,,,,,,,,,,,,,,,,,,
24/2/2017 0:00,10470,5800,,,,,,,,,,,,,,,,,,,,,,,,,,,,,,
25/2/2017 0:00,10360,5650,,,,,,,,,,,,,,,,,,,,,,,,,,,,,,
26/2/2017 0:00,10140,6100,,,,,,,,,,,,,,,,,,,,,,,,,,,,,,
27/2/2017 0:00,9810,5800,,,,,,,,,,,,,,,,,,,,,,,,,,,,,,
28/2/2017 0:00,9810,5520,,,,,,,,,,,,,,,,,,,,,,,,,,,,,,
1/3/2017 0:00,9810,5390,,,,,,,,,,,,,,,,,,,,,,,,,,,,,,
2/3/2017 0:00,9810,5000,,,,,,,,,,,,,,,,,,,,,,,,,,,,,,
3/3/2017 0:00,9500,4480,,,,,,,,,,,,,,,,,,,,,,,,,,,,,,
4/3/2017 0:00,9600,4020,,,,,,,,,,,,,,,,,,,,,,,,,,,,,,
5/3/2017 0:00,9400,4130,,,,,,,,,,,,,,,,,,,,,,,,,,,,,,
6/3/2017 0:00,9400,3800,,,,,,,,,,,,,,,,,,,,,,,,,,,,,,
7/3/2017 0:00,9300,3470,,,,,,,,,,,,,,,,,,,,,,,,,,,,,,
8/3/2017 0:00,9200,3250,,,,,,,,,,,,,,,,,,,,,,,,,,,,,,
9/3/2017 0:00,8800,3470,,,,,,,,,,,,,,,,,,,,,,,,,,,,,,
10/3/2017 0:00,8800,3160,,,,,,,,,,,,,,,,,,,,,,,,,,,,,,
11/3/2017 0:00,8520,3160,,,,,,,,,,,,,,,,,,,,,,,,,,,,,,
12/3/2017 0:00,8430,3250,,,,,,,,,,,,,,,,,,,,,,,,,,,,,,
13/3/2017 0:00,8430,3070,,,,,,,,,,,,,,,,,,,,,,,,,,,,,,
14/3/2017 0:00,8160,6250,,,,,,,,,,,,,,,,,,,,,,,,,,,,,,
15/3/2017 0:00,8250,5520,,,,,,,,,,,,,,,,,,,,,,,,,,,,,,
16/3/2017 0:00,8160,4350,,,,,,,,,,,,,,,,,,,,,,,,,,,,,,
17/3/2017 0:00,7980,3910,,,,,,,,,,,,,,,,,,,,,,,,,,,,,,
18/3/2017 0:00,7980,3910,,,,,,,,,,,,,,,,,,,,,,,,,,,,,,
19/3/2017 0:00,7980,3470,,,,,,,,,,,,,,,,,,,,,,,,,,,,,,
20/3/2017 0:00,7980,3470,,,,,,,,,,,,,,,,,,,,,,,,,,,,,,
21/3/2017 0:00,7980,2980,,,,,,,,,,,,,,,,,,,,,,,,,,,,,,
22/3/2017 0:00,7980,3470,,,,,,,,,,,,,,,,,,,,,,,,,,,,,,
23/3/2017 0:00,7800,3160,,,,,,,,,,,,,,,,,,,,,,,,,,,,,,
24/3/2017 0:00,7800,3070,,,,,,,,,,,,,,,,,,,,,,,,,,,,,,
25/3/2017 0:00,7800,3070,,,,,,,,,,,,,,,,,,,,,,,,,,,,,,
26/3/2017 0:00,7480,3160,,,,,,,,,,,,,,,,,,,,,,,,,,,,,,
27/3/2017 0:00,7480,2980,,,,,,,,,,,,,,,,,,,,,,,,,,,,,,
28/3/2017 0:00,7320,2620,,,,,,,,,,,,,,,,,,,,,,,,,,,,,,
29/3/2017 0:00,7320,2620,,,,,,,,,,,,,,,,,,,,,,,,,,,,,,
30/3/2017 0:00,7320,2530,,,,,,,,,,,,,,,,,,,,,,,,,,,,,,
31/3/2017 0:00,7240,2530,,,,,,,,,,,,,,,,,,,,,,,,,,,,,,
1/4/2017 0:00,7320,2440,,,,,,,,,,,,,,,,,,,,,,,,,,,,,,
2/4/2017 0:00,7320,3690,,,,,,,,,,,,,,,,,,,,,,,,,,,,,,
3/4/2017 0:00,7160,3160,,,,,,,,,,,,,,,,,,,,,,,,,,,,,,
4/4/2017 0:00,7160,2890,,,,,,,,,,,,,,,,,,,,,,,,,,,,,,
5/4/2017 0:00,7080,2890,,,,,,,,,,,,,,,,,,,,,,,,,,,,,,
6/4/2017 0:00,7160,2620,,,,,,,,,,,,,,,,,,,,,,,,,,,,,,
7/4/2017 0:00,7000,2530,,,,,,,,,,,,,,,,,,,,,,,,,,,,,,
8/4/2017 0:00,7000,2530,,,,,,,,,,,,,,,,,,,,,,,,,,,,,,
9/4/2017 0:00,7000,2530,,,,,,,,,,,,,,,,,,,,,,,,,,,,,,
10/4/2017 0:00,7000,2530,,,,,,,,,,,,,,,,,,,,,,,,,,,,,,
11/4/2017 0:00,6920,2530,,,,,,,,,,,,,,,,,,,,,,,,,,,,,,
12/4/2017 0:00,6840,2620,,,,,,,,,,,,,,,,,,,,,,,,,,,,,,
13/4/2017 0:00,6840,2620,,,,,,,,,,,,,,,,,,,,,,,,,,,,,,
14/4/2017 0:00,6840,2620,,,,,,,,,,,,,,,,,,,,,,,,,,,,,,
15/4/2017 0:00,6840,2620,,,,,,,,,,,,,,,,,,,,,,,,,,,,,,
16/4/2017 0:00,6840,3070,,,,,,,,,,,,,,,,,,,,,,,,,,,,,,
17/4/2017 0:00,7640,3250,,,,,,,,,,,,,,,,,,,,,,,,,,,,,,
18/4/2017 0:00,6680,2800,,,,,,,,,,,,,,,,,,,,,,,,,,,,,,
19/4/2017 0:00,6680,2800,,,,,,,,,,,,,,,,,,,,,,,,,,,,,,
20/4/2017 0:00,6680,2710,,,,,,,,,,,,,,,,,,,,,,,,,,,,,,
21/4/2017 0:00,6680,2710,,,,,,,,,,,,,,,,,,,,,,,,,,,,,,
22/4/2017 0:00,6680,2710,,,,,,,,,,,,,,,,,,,,,,,,,,,,,,
23/4/2017 0:00,6520,3360,,,,,,,,,,,,,,,,,,,,,,,,,,,,,,
24/4/2017 0:00,6440,4130,,,,,,,,,,,,,,,,,,,,,,,,,,,,,,
25/4/2017 0:00,6440,3910,,,,,,,,,,,,,,,,,,,,,,,,,,,,,,
26/4/2017 0:00,6280,3360,,,,,,,,,,,,,,,,,,,,,,,,,,,,,,
27/4/2017 0:00,6360,3250,,,,,,,,,,,,,,,,,,,,,,,,,,,,,,
28/4/2017 0:00,6280,3470,,,,,,,,,,,,,,,,,,,,,,,,,,,,,,
29/4/2017 0:00,6280,4870,,,,,,,,,,,,,,,,,,,,,,,,,,,,,,
30/4/2017 0:00,6280,3250,,,,,,,,,,,,,,,,,,,,,,,,,,,,,,
1/5/2017 0:00,7640,3250,,,,,,,,,,,,,,,,,,,,,,,,,,,,,,
2/5/2017 0:00,7640,3690,,,,,,,,,,,,,,,,,,,,,,,,,,,,,,
3/5/2017 0:00,7640,4020,,,,,,,,,,,,,,,,,,,,,,,,,,,,,,
4/5/2017 0:00,7640,3690,,,,,,,,,,,,,,,,,,,,,,,,,,,,,,
5/5/2017 0:00,7640,3360,,,,,,,,,,,,,,,,,,,,,,,,,,,,,,
6/5/2017 0:00,7560,3360,,,,,,,,,,,,,,,,,,,,,,,,,,,,,,
7/5/2017 0:00,7560,3580,,,,,,,,,,,,,,,,,,,,,,,,,,,,,,
8/5/2017 0:00,7560,3470,,,,,,,,,,,,,,,,,,,,,,,,,,,,,,
9/5/2017 0:00,7560,3250,,,,,,,,,,,,,,,,,,,,,,,,,,,,,,
10/5/2017 0:00,7560,3250,,,,,,,,,,,,,,,,,,,,,,,,,,,,,,
11/5/2017 0:00,7560,3250,,,,,,,,,,,,,,,,,,,,,,,,,,,,,,
12/5/2017 0:00,7480,2980,,,,,,,,,,,,,,,,,,,,,,,,,,,,,,
13/5/2017 0:00,7480,3160,,,,,,,,,,,,,,,,,,,,,,,,,,,,,,
14/5/2017 0:00,7480,3070,,,,,,,,,,,,,,,,,,,,,,,,,,,,,,
15/5/2017 0:00,7480,3070,,,,,,,,,,,,,,,,,,,,,,,,,,,,,,
16/5/2017 0:00,7480,3070,,,,,,,,,,,,,,,,,,,,,,,,,,,,,,
17/5/2017 0:00,7480,3580,,,,,,,,,,,,,,,,,,,,,,,,,,,,,,
18/5/2017 0:00,7400,4240,,,,,,,,,,,,,,,,,,,,,,,,,,,,,,
19/5/2017 0:00,7400,4480,,,,,,,,,,,,,,,,,,,,,,,,,,,,,,
20/5/2017 0:00,7400,4610,,,,,,,,,,,,,,,,,,,,,,,,,,,,,,
21/5/2017 0:00,7400,4870,,,,,,,,,,,,,,,,,,,,,,,,,,,,,,
22/5/2017 0:00,7400,4240,,,,,,,,,,,,,,,,,,,,,,,,,,,,,,
23/5/2017 0:00,7400,4610,,,,,,,,,,,,,,,,,,,,,,,,,,,,,,
24/5/2017 0:00,7400,4870,,,,,,,,,,,,,,,,,,,,,,,,,,,,,,
25/5/2017 0:00,7320,22810,,,,,,,,,,,,,,,,,,,,,,,,,,,,,,
26/5/2017 0:00,7320,6250,,,,,,,,,,,,,,,,,,,,,,,,,,,,,,
27/5/2017 0:00,7320,7320,,,,,,,,,,,,,,,,,,,,,,,,,,,,,,
28/5/2017 0:00,7320,10050,,,,,,,,,,,,,,,,,,,,,,,,,,,,,,
29/5/2017 0:00,7320,7150,,,,,,,,,,,,,,,,,,,,,,,,,,,,,,
30/5/2017 0:00,7320,5260,,,,,,,,,,,,,,,,,,,,,,,,,,,,,,
31/5/2017 0:00,7240,4740,,,,,,,,,,,,,,,,,,,,,,,,,,,,,,
1/6/2017 0:00,7240,4610,,,,,,,,,,,,,,,,,,,,,,,,,,,,,,
2/6/2017 0:00,7240,10250,,,,,,,,,,,,,,,,,,,,,,,,,,,,,,
3/6/2017 0:00,7240,5520,,,,,,,,,,,,,,,,,,,,,,,,,,,,,,
4/6/2017 0:00,7240,4610,,,,,,,,,,,,,,,,,,,,,,,,,,,,,,
5/6/2017 0:00,7240,4870,,,,,,,,,,,,,,,,,,,,,,,,,,,,,,
6/6/2017 0:00,7160,4740,,,,,,,,,,,,,,,,,,,,,,,,,,,,,,
7/6/2017 0:00,7160,4740,,,,,,,,,,,,,,,,,,,,,,,,,,,,,,
8/6/2017 0:00,7160,4740,,,,,,,,,,,,,,,,,,,,,,,,,,,,,,
9/6/2017 0:00,7160,5520,,,,,,,,,,,,,,,,,,,,,,,,,,,,,,
10/6/2017 0:00,7160,5260,,,,,,,,,,,,,,,,,,,,,,,,,,,,,,
11/6/2017 0:00,7160,5520,,,,,,,,,,,,,,,,,,,,,,,,,,,,,,
12/6/2017 0:00,7080,5520,,,,,,,,,,,,,,,,,,,,,,,,,,,,,,
13/6/2017 0:00,7080,4870,,,,,,,,,,,,,,,,,,,,,,,,,,,,,,
14/6/2017 0:00,7080,8000,,,,,,,,,,,,,,,,,,,,,,,,,,,,,,
15/6/2017 0:00,10920,8340,,,,,,,,,,,,,,,,,,,,,,,,,,,,,,
16/6/2017 0:00,12120,6100,,,,,,,,,,,,,,,,,,,,,,,,,,,,,,
17/6/2017 0:00,12120,5130,,,,,,,,,,,,,,,,,,,,,,,,,,,,,,
18/6/2017 0:00,12000,5130,,,,,,,,,,,,,,,,,,,,,,,,,,,,,,
19/6/2017 0:00,12000,5000,,,,,,,,,,,,,,,,,,,,,,,,,,,,,,
20/6/2017 0:00,12000,5000,,,,,,,,,,,,,,,,,,,,,,,,,,,,,,
21/6/2017 0:00,7000,6400,,,,,,,,,,,,,,,,,,,,,,,,,,,,,,
22/6/2017 0:00,7000,6250,,,,,,,,,,,,,,,,,,,,,,,,,,,,,,
23/6/2017 0:00,7000,5000,,,,,,,,,,,,,,,,,,,,,,,,,,,,,,
24/6/2017 0:00,6920,6250,,,,,,,,,,,,,,,,,,,,,,,,,,,,,,
25/6/2017 0:00,6920,6400,,,,,,,,,,,,,,,,,,,,,,,,,,,,,,
26/6/2017 0:00,6920,5390,,,,,,,,,,,,,,,,,,,,,,,,,,,,,,
27/6/2017 0:00,6920,6550,,,,,,,,,,,,,,,,,,,,,,,,,,,,,,
28/6/2017 0:00,8610,5650,,,,,,,,,,,,,,,,,,,,,,,,,,,,,,
29/6/2017 0:00,8700,4870,,,,,,,,,,,,,,,,,,,,,,,,,,,,,,
30/6/2017 0:00,8700,5950,,,,,,,,,,,,,,,,,,,,,,,,,,,,,,
1/7/2017 0:00,7800,5390,,,,,,,,,,,,,,,,,,,,,,,,,,,,,,
2/7/2017 0:00,8700,6850,,,,,,,,,,,,,,,,,,,,,,,,,,,,,,
3/7/2017 0:00,8800,7000,,,,,,,,,,,,,,,,,,,,,,,,,,,,,,
4/7/2017 0:00,10920,5260,,,,,,,,,,,,,,,,,,,,,,,,,,,,,,
5/7/2017 0:00,10920,5260,,,,,,,,,,,,,,,,,,,,,,,,,,,,,,
6/7/2017 0:00,11400,6250,,,,,,,,,,,,,,,,,,,,,,,,,,,,,,
7/7/2017 0:00,9920,5130,,,,,,,,,,,,,,,,,,,,,,,,,,,,,,
8/7/2017 0:00,7980,5520,,,,,,,,,,,,,,,,,,,,,,,,,,,,,,
9/7/2017 0:00,7980,6100,,,,,,,,,,,,,,,,,,,,,,,,,,,,,,
10/7/2017 0:00,8340,5650,,,,,,,,,,,,,,,,,,,,,,,,,,,,,,
11/7/2017 0:00,8070,5390,,,,,,,,,,,,,,,,,,,,,,,,,,,,,,
12/7/2017 0:00,8340,5130,,,,,,,,,,,,,,,,,,,,,,,,,,,,,,
13/7/2017 0:00,8070,4870,,,,,,,,,,,,,,,,,,,,,,,,,,,,,,
14/7/2017 0:00,13200,6700,,,,,,,,,,,,,,,,,,,,,,,,,,,,,,
15/7/2017 0:00,11280,6400,,,,,,,,,,,,,,,,,,,,,,,,,,,,,,
16/7/2017 0:00,9100,4610,,,,,,,,,,,,,,,,,,,,,,,,,,,,,,
17/7/2017 0:00,8160,4610,,,,,,,,,,,,,,,,,,,,,,,,,,,,,,
18/7/2017 0:00,12480,5000,,,,,,,,,,,,,,,,,,,,,,,,,,,,,,
19/7/2017 0:00,15200,4480,,,,,,,,,,,,,,,,,,,,,,,,,,,,,,
20/7/2017 0:00,15200,4480,,,,,,,,,,,,,,,,,,,,,,,,,,,,,,
21/7/2017 0:00,15200,5130,,,,,,,,,,,,,,,,,,,,,,,,,,,,,,
22/7/2017 0:00,13460,4740,,,,,,,,,,,,,,,,,,,,,,,,,,,,,,
23/7/2017 0:00,18360,4350,,,,,,,,,,,,,,,,,,,,,,,,,,,,,,
24/7/2017 0:00,18840,4240,,,,,,,,,,,,,,,,,,,,,,,,,,,,,,
25/7/2017 0:00,24400,4240,,,,,,,,,,,,,,,,,,,,,,,,,,,,,,
26/7/2017 0:00,33800,31010,,,,,,,,,,,,,,,,,,,,,,,,,,,,,,
27/7/2017 0:00,46160,101230,,,,,,,,,,,,,,,,,,,,,,,,,,,,,,
28/7/2017 0:00,65870,130450,,,,,,,,,,,,,,,,,,,,,,,,,,,,,,
29/7/2017 0:00,56880,42870,,,,,,,,,,,,,,,,,,,,,,,,,,,,,,
30/7/2017 0:00,30580,21450,,,,,,,,,,,,,,,,,,,,,,,,,,,,,,
31/7/2017 0:00,35880,19900,,,,,,,,,,,,,,,,,,,,,,,,,,,,,,
1/8/2017 0:00,11400,13050,,,,,,,,,,,,,,,,,,,,,,,,,,,,,,
2/8/2017 0:00,24200,75770,,,,,,,,,,,,,,,,,,,,,,,,,,,,,,
3/8/2017 0:00,56140,55400,,,,,,,,,,,,,,,,,,,,,,,,,,,,,,
4/8/2017 0:00,11880,44400,,,,,,,,,,,,,,,,,,,,,,,,,,,,,,
5/8/2017 0:00,8610,21450,,,,,,,,,,,,,,,,,,,,,,,,,,,,,,
6/8/2017 0:00,10690,20210,,,,,,,,,,,,,,,,,,,,,,,,,,,,,,
7/8/2017 0:00,13980,10250,,,,,,,,,,,,,,,,,,,,,,,,,,,,,,
8/8/2017 0:00,13200,8000,,,,,,,,,,,,,,,,,,,,,,,,,,,,,,
9/8/2017 0:00,11640,6550,,,,,,,,,,,,,,,,,,,,,,,,,,,,,,
10/8/2017 0:00,9400,5390,,,,,,,,,,,,,,,,,,,,,,,,,,,,,,
11/8/2017 0:00,8700,4350,,,,,,,,,,,,,,,,,,,,,,,,,,,,,,
12/8/2017 0:00,9000,4240,,,,,,,,,,,,,,,,,,,,,,,,,,,,,,
13/8/2017 0:00,9400,11730,,,,,,,,,,,,,,,,,,,,,,,,,,,,,,
14/8/2017 0:00,8700,10050,,,,,,,,,,,,,,,,,,,,,,,,,,,,,,
15/8/2017 0:00,8700,8340,,,,,,,,,,,,,,,,,,,,,,,,,,,,,,
16/8/2017 0:00,7800,4020,,,,,,,,,,,,,,,,,,,,,,,,,,,,,,
17/8/2017 0:00,8700,3690,,,,,,,,,,,,,,,,,,,,,,,,,,,,,,
18/8/2017 0:00,8700,4020,,,,,,,,,,,,,,,,,,,,,,,,,,,,,,
19/8/2017 0:00,8700,5000,,,,,,,,,,,,,,,,,,,,,,,,,,,,,,
20/8/2017 0:00,37240,15830,,,,,,,,,,,,,,,,,,,,,,,,,,,,,,
21/8/2017 0:00,39200,43380,,,,,,,,,,,,,,,,,,,,,,,,,,,,,,
22/8/2017 0:00,77310,193410,,,,,,,,,,,,,,,,,,,,,,,,,,,,,,
23/8/2017 0:00,28240,81690,,,,,,,,,,,,,,,,,,,,,,,,,,,,,,
24/8/2017 0:00,8700,20830,,,,,,,,,,,,,,,,,,,,,,,,,,,,,,
25/8/2017 0:00,10030,23150,,,,,,,,,,,,,,,,,,,,,,,,,,,,,,
26/8/2017 0:00,13590,93540,,,,,,,,,,,,,,,,,,,,,,,,,,,,,,
27/8/2017 0:00,10800,69410,,,,,,,,,,,,,,,,,,,,,,,,,,,,,,
28/8/2017 0:00,12840,40890,,,,,,,,,,,,,,,,,,,,,,,,,,,,,,
29/8/2017 0:00,12840,32650,,,,,,,,,,,,,,,,,,,,,,,,,,,,,,
30/8/2017 0:00,11160,21140,,,,,,,,,,,,,,,,,,,,,,,,,,,,,,
31/8/2017 0:00,11640,26330,,,,,,,,,,,,,,,,,,,,,,,,,,,,,,
1/9/2017 0:00,28900,21790,,,,,,,,,,,,,,,,,,,,,,,,,,,,,,
2/9/2017 0:00,28240,26330,,,,,,,,,,,,,,,,,,,,,,,,,,,,,,
3/9/2017 0:00,24600,25590,,,,,,,,,,,,,,,,,,,,,,,,,,,,,,
4/9/2017 0:00,20700,22470,,,,,,,,,,,,,,,,,,,,,,,,,,,,,,
5/9/2017 0:00,14920,23830,,,,,,,,,,,,,,,,,,,,,,,,,,,,,,
6/9/2017 0:00,13200,11950,,,,,,,,,,,,,,,,,,,,,,,,,,,,,,
7/9/2017 0:00,13200,12610,,,,,,,,,,,,,,,,,,,,,,,,,,,,,,
8/9/2017 0:00,13200,26890,,,,,,,,,,,,,,,,,,,,,,,,,,,,,,
9/9/2017 0:00,12000,24700,,,,,,,,,,,,,,,,,,,,,,,,,,,,,,
10/9/2017 0:00,12840,21750,,,,,,,,,,,,,,,,,,,,,,,,,,,,,,
11/9/2017 0:00,14110,15510,,,,,,,,,,,,,,,,,,,,,,,,,,,,,,
12/9/2017 0:00,152520,1739200,,,,,,,,,,,,,,,,,,,,,,,,,,,,,,
13/9/2017 0:00,56510,1198850,,,,,,,,,,,,,,,,,,,,,,,,,,,,,,
14/9/2017 0:00,35620,95280,,,,,,,,,,,,,,,,,,,,,,,,,,,,,,
15/9/2017 0:00,28900,43220,,,,,,,,,,,,,,,,,,,,,,,,,,,,,,
16/9/2017 0:00,22600,36500,,,,,,,,,,,,,,,,,,,,,,,,,,,,,,
17/9/2017 0:00,22600,41000,,,,,,,,,,,,,,,,,,,,,,,,,,,,,,
18/9/2017 0:00,22600,44330,,,,,,,,,,,,,,,,,,,,,,,,,,,,,,
19/9/2017 0:00,22600,49880,,,,,,,,,,,,,,,,,,,,,,,,,,,,,,
20/9/2017 0:00,28240,52100,,,,,,,,,,,,,,,,,,,,,,,,,,,,,,
21/9/2017 0:00,24600,70360,,,,,,,,,,,,,,,,,,,,,,,,,,,,,,
22/9/2017 0:00,24000,124200,,,,,,,,,,,,,,,,,,,,,,,,,,,,,,
23/9/2017 0:00,24600,85580,,,,,,,,,,,,,,,,,,,,,,,,,,,,,,
24/9/2017 0:00,22600,68740,,,,,,,,,,,,,,,,,,,,,,,,,,,,,,
25/9/2017 0:00,22600,46550,,,,,,,,,,,,,,,,,,,,,,,,,,,,,,
26/9/2017 0:00,22600,48770,,,,,,,,,,,,,,,,,,,,,,,,,,,,,,
27/9/2017 0:00,22600,36500,,,,,,,,,,,,,,,,,,,,,,,,,,,,,,
28/9/2017 0:00,20700,49880,,,,,,,,,,,,,,,,,,,,,,,,,,,,,,
29/9/2017 0:00,20700,49880,,,,,,,,,,,,,,,,,,,,,,,,,,,,,,
30/9/2017 0:00,20700,58800,,,,,,,,,,,,,,,,,,,,,,,,,,,,,,
1/10/2017 0:00,20700,39200,,,,,,,,,,,,,,,,,,,,,,,,,,,,,,
2/10/2017 0:00,20700,29810,,,,,,,,,,,,,,,,,,,,,,,,,,,,,,
3/10/2017 0:00,20700,29810,,,,,,,,,,,,,,,,,,,,,,,,,,,,,,
4/10/2017 0:00,20700,33800,,,,,,,,,,,,,,,,,,,,,,,,,,,,,,
5/10/2017 0:00,24000,54780,,,,,,,,,,,,,,,,,,,,,,,,,,,,,,
6/10/2017 0:00,22600,34700,,,,,,,,,,,,,,,,,,,,,,,,,,,,,,
7/10/2017 0:00,25230,21750,,,,,,,,,,,,,,,,,,,,,,,,,,,,,,
8/10/2017 0:00,24600,24700,,,,,,,,,,,,,,,,,,,,,,,,,,,,,,
9/10/2017 0:00,24600,23520,,,,,,,,,,,,,,,,,,,,,,,,,,,,,,
10/10/2017 0:00,25230,28350,,,,,,,,,,,,,,,,,,,,,,,,,,,,,,
11/10/2017 0:00,23200,24700,,,,,,,,,,,,,,,,,,,,,,,,,,,,,,
12/10/2017 0:00,22030,39200,,,,,,,,,,,,,,,,,,,,,,,,,,,,,,
13/10/2017 0:00,26070,46550,,,,,,,,,,,,,,,,,,,,,,,,,,,,,,
14/10/2017 0:00,72750,274820,,,,,,,,,,,,,,,,,,,,,,,,,,,,,,
15/10/2017 0:00,33050,161130,,,,,,,,,,,,,,,,,,,,,,,,,,,,,,
16/10/2017 0:00,24600,56120,,,,,,,,,,,,,,,,,,,,,,,,,,,,,,
17/10/2017 0:00,24600,62820,,,,,,,,,,,,,,,,,,,,,,,,,,,,,,
18/10/2017 0:00,24000,38300,,,,,,,,,,,,,,,,,,,,,,,,,,,,,,
19/10/2017 0:00,22600,46550,,,,,,,,,,,,,,,,,,,,,,,,,,,,,,
20/10/2017 0:00,22600,52100,,,,,,,,,,,,,,,,,,,,,,,,,,,,,,
21/10/2017 0:00,20700,34700,,,,,,,,,,,,,,,,,,,,,,,,,,,,,,
22/10/2017 0:00,20700,29810,,,,,,,,,,,,,,,,,,,,,,,,,,,,,,
23/10/2017 0:00,20700,24700,,,,,,,,,,,,,,,,,,,,,,,,,,,,,,
24/10/2017 0:00,24000,21750,,,,,,,,,,,,,,,,,,,,,,,,,,,,,,
25/10/2017 0:00,22600,19390,,,,,,,,,,,,,,,,,,,,,,,,,,,,,,
26/10/2017 0:00,22600,19980,,,,,,,,,,,,,,,,,,,,,,,,,,,,,,
27/10/2017 0:00,22600,17860,,,,,,,,,,,,,,,,,,,,,,,,,,,,,,
28/10/2017 0:00,22600,21750,,,,,,,,,,,,,,,,,,,,,,,,,,,,,,
29/10/2017 0:00,22600,25430,,,,,,,,,,,,,,,,,,,,,,,,,,,,,,
30/10/2017 0:00,22600,24110,,,,,,,,,,,,,,,,,,,,,,,,,,,,,,
31/10/2017 0:00,22600,53440,,,,,,,,,,,,,,,,,,,,,,,,,,,,,,
1/11/2017 0:00,25230,161130,,,,,,,,,,,,,,,,,,,,,,,,,,,,,,
2/11/2017 0:00,30340,161130,,,,,,,,,,,,,,,,,,,,,,,,,,,,,,
3/11/2017 0:00,24600,151500,,,,,,,,,,,,,,,,,,,,,,,,,,,,,,
4/11/2017 0:00,23800,143310,,,,,,,,,,,,,,,,,,,,,,,,,,,,,,
5/11/2017 0:00,22600,121890,,,,,,,,,,,,,,,,,,,,,,,,,,,,,,
6/11/2017 0:00,22600,103410,,,,,,,,,,,,,,,,,,,,,,,,,,,,,,
7/11/2017 0:00,21840,93340,,,,,,,,,,,,,,,,,,,,,,,,,,,,,,
8/11/2017 0:00,21840,71980,,,,,,,,,,,,,,,,,,,,,,,,,,,,,,
9/11/2017 0:00,50440,91400,,,,,,,,,,,,,,,,,,,,,,,,,,,,,,
10/11/2017 0:00,77310,101100,,,,,,,,,,,,,,,,,,,,,,,,,,,,,,
11/11/2017 0:00,22410,68740,,,,,,,,,,,,,,,,,,,,,,,,,,,,,,
12/11/2017 0:00,22410,50990,,,,,,,,,,,,,,,,,,,,,,,,,,,,,,
13/11/2017 0:00,22410,48770,,,,,,,,,,,,,,,,,,,,,,,,,,,,,,
14/11/2017 0:00,24400,38300,,,,,,,,,,,,,,,,,,,,,,,,,,,,,,
15/11/2017 0:00,23800,31270,,,,,,,,,,,,,,,,,,,,,,,,,,,,,,
16/11/2017 0:00,24400,40100,,,,,,,,,,,,,,,,,,,,,,,,,,,,,,
17/11/2017 0:00,22410,41000,,,,,,,,,,,,,,,,,,,,,,,,,,,,,,
18/11/2017 0:00,22410,39200,,,,,,,,,,,,,,,,,,,,,,,,,,,,,,
19/11/2017 0:00,22410,33800,,,,,,,,,,,,,,,,,,,,,,,,,,,,,,
20/11/2017 0:00,20530,22930,,,,,,,,,,,,,,,,,,,,,,,,,,,,,,
21/11/2017 0:00,20530,24700,,,,,,,,,,,,,,,,,,,,,,,,,,,,,,
22/11/2017 0:00,20530,22340,,,,,,,,,,,,,,,,,,,,,,,,,,,,,,
23/11/2017 0:00,0,24110,,,,,,,,,,,,,,,,,,,,,,,,,,,,,,
24/11/2017 0:00,0,26160,,,,,,,,,,,,,,,,,,,,,,,,,,,,,,
25/11/2017 0:00,0,22930,,,,,,,,,,,,,,,,,,,,,,,,,,,,,,
26/11/2017 0:00,0,23520,,,,,,,,,,,,,,,,,,,,,,,,,,,,,,
27/11/2017 0:00,0,18800,,,,,,,,,,,,,,,,,,,,,,,,,,,,,,
28/11/2017 0:00,0,16450,,,,,,,,,,,,,,,,,,,,,,,,,,,,,,
29/11/2017 0:00,0,14100,,,,,,,,,,,,,,,,,,,,,,,,,,,,,,
30/11/2017 0:00,0,13730,,,,,,,,,,,,,,,,,,,,,,,,,,,,,,
1/12/2017 0:00,0,13360,,,,,,,,,,,,,,,,,,,,,,,,,,,,,,
2/12/2017 0:00,0,13730,,,,,,,,,,,,,,,,,,,,,,,,,,,,,,
3/12/2017 0:00,0,12620,,,,,,,,,,,,,,,,,,,,,,,,,,,,,,
4/12/2017 0:00,0,13730,,,,,,,,,,,,,,,,,,,,,,,,,,,,,,
5/12/2017 0:00,0,11880,,,,,,,,,,,,,,,,,,,,,,,,,,,,,,
6/12/2017 0:00,0,11880,,,,,,,,,,,,,,,,,,,,,,,,,,,,,,
7/12/2017 0:00,0,11510,,,,,,,,,,,,,,,,,,,,,,,,,,,,,,
8/12/2017 0:00,0,11510,,,,,,,,,,,,,,,,,,,,,,,,,,,,,,
9/12/2017 0:00,0,14100,,,,,,,,,,,,,,,,,,,,,,,,,,,,,,
10/12/2017 0:00,0,12250,,,,,,,,,,,,,,,,,,,,,,,,,,,,,,
11/12/2017 0:00,0,13360,,,,,,,,,,,,,,,,,,,,,,,,,,,,,,
12/12/2017 0:00,0,23520,,,,,,,,,,,,,,,,,,,,,,,,,,,,,,
13/12/2017 0:00,0,22340,,,,,,,,,,,,,,,,,,,,,,,,,,,,,,
14/12/2017 0:00,0,19980,,,,,,,,,,,,,,,,,,,,,,,,,,,,,,
15/12/2017 0:00,0,22930,,,,,,,,,,,,,,,,,,,,,,,,,,,,,,
16/12/2017 0:00,0,18800,,,,,,,,,,,,,,,,,,,,,,,,,,,,,,
17/12/2017 0:00,0,21160,,,,,,,,,,,,,,,,,,,,,,,,,,,,,,
18/12/2017 0:00,0,17390,,,,,,,,,,,,,,,,,,,,,,,,,,,,,,
19/12/2017 0:00,0,15040,,,,,,,,,,,,,,,,,,,,,,,,,,,,,,
20/12/2017 0:00,0,14100,,,,,,,,,,,,,,,,,,,,,,,,,,,,,,
21/12/2017 0:00,0,16920,,,,,,,,,,,,,,,,,,,,,,,,,,,,,,
22/12/2017 0:00,0,14100,,,,,,,,,,,,,,,,,,,,,,,,,,,,,,
23/12/2017 0:00,0,11510,,,,,,,,,,,,,,,,,,,,,,,,,,,,,,
24/12/2017 0:00,0,23520,,,,,,,,,,,,,,,,,,,,,,,,,,,,,,
25/12/2017 0:00,0,9560,,,,,,,,,,,,,,,,,,,,,,,,,,,,,,
26/12/2017 0:00,0,19390,,,,,,,,,,,,,,,,,,,,,,,,,,,,,,
27/12/2017 0:00,0,18800,,,,,,,,,,,,,,,,,,,,,,,,,,,,,,
28/12/2017 0:00,0,18800,,,,,,,,,,,,,,,,,,,,,,,,,,,,,,
29/12/2017 0:00,0,17390,,,,,,,,,,,,,,,,,,,,,,,,,,,,,,
30/12/2017 0:00,0,15510,,,,,,,,,,,,,,,,,,,,,,,,,,,,,,
31/12/2017 0:00,0,14100,,,,,,,,,,,,,,,,,,,,,,,,,,,,,,
,,,,,,,,,,,,,,,,,,,,,,,,,,,,,,,,
,,,,,,,,,,,,,,,,,,,,,,,,,,,,,,,,
,,,,,,,,,,,,,,,,,,,,,,,,,,,,,,,,
,,,,,,,,,,,,,,,,,,,,,,,,,,,,,,,,
,,,,,,,,,,,,,,,,,,,,,,,,,,,,,,,,
,,,,,,,,,,,,,,,,,,,,,,,,,,,,,,,,
,,,,,,,,,,,,,,,,,,,,,,,,,,,,,,,,
,,,,,,,,,,,,,,,,,,,,,,,,,,,,,,,,
,,,,,,,,,,,,,,,,,,,,,,,,,,,,,,,,
,,,,,,,,,,,,,,,,,,,,,,,,,,,,,,,,
,,,,,,,,,,,,,,,,,,,,,,,,,,,,,,,,
,,,,,,,,,,,,,,,,,,,,,,,,,,,,,,,,
,,,,,,,,,,,,,,,,,,,,,,,,,,,,,,,,
,,,,,,,,,,,,,,,,,,,,,,,,,,,,,,,,
,,,,,,,,,,,,,,,,,,,,,,,,,,,,,,,,
,,,,,,,,,,,,,,,,,,,,,,,,,,,,,,,,
,,,,,,,,,,,,,,,,,,,,,,,,,,,,,,,,
,,,,,,,,,,,,,,,,,,,,,,,,,,,,,,,,
,,,,,,,,,,,,,,,,,,,,,,,,,,,,,,,,
,,,,,,,,,,,,,,,,,,,,,,,,,,,,,,,,
,,,,,,,,,,,,,,,,,,,,,,,,,,,,,,,,
,,,,,,,,,,,,,,,,,,,,,,,,,,,,,,,,
,,,,,,,,,,,,,,,,,,,,,,,,,,,,,,,,
,,,,,,,,,,,,,,,,,,,,,,,,,,,,,,,,
,,,,,,,,,,,,,,,,,,,,,,,,,,,,,,,,
,,,,,,,,,,,,,,,,,,,,,,,,,,,,,,,,
,,,,,,,,,,,,,,,,,,,,,,,,,,,,,,,,
,,,,,,,,,,,,,,,,,,,,,,,,,,,,,,,,
,,,,,,,,,,,,,,,,,,,,,,,,,,,,,,,,
,,,,,,,,,,,,,,,,,,,,,,,,,,,,,,,,
,,,,,,,,,,,,,,,,,,,,,,,,,,,,,,,,
,,,,,,,,,,,,,,,,,,,,,,,,,,,,,,,,
,,,,,,,,,,,,,,,,,,,,,,,,,,,,,,,,
,,,,,,,,,,,,,,,,,,,,,,,,,,,,,,,,
,,,,,,,,,,,,,,,,,,,,,,,,,,,,,,,,
,,,,,,,,,,,,,,,,,,,,,,,,,,,,,,,,
,,,,,,,,,,,,,,,,,,,,,,,,,,,,,,,,
,,,,,,,,,,,,,,,,,,,,,,,,,,,,,,,,
,,,,,,,,,,,,,,,,,,,,,,,,,,,,,,,,
,,,,,,,,,,,,,,,,,,,,,,,,,,,,,,,,
,,,,,,,,,,,,,,,,,,,,,,,,,,,,,,,,
,,,,,,,,,,,,,,,,,,,,,,,,,,,,,,,,
,,,,,,,,,,,,,,,,,,,,,,,,,,,,,,,,
,,,,,,,,,,,,,,,,,,,,,,,,,,,,,,,,
,,,,,,,,,,,,,,,,,,,,,,,,,,,,,,,,
,,,,,,,,,,,,,,,,,,,,,,,,,,,,,,,,
,,,,,,,,,,,,,,,,,,,,,,,,,,,,,,,,
,,,,,,,,,,,,,,,,,,,,,,,,,,,,,,,,
,,,,,,,,,,,,,,,,,,,,,,,,,,,,,,,,
,,,,,,,,,,,,,,,,,,,,,,,,,,,,,,,,
,,,,,,,,,,,,,,,,,,,,,,,,,,,,,,,,
,,,,,,,,,,,,,,,,,,,,,,,,,,,,,,,,
,,,,,,,,,,,,,,,,,,,,,,,,,,,,,,,,
,,,,,,,,,,,,,,,,,,,,,,,,,,,,,,,,
,,,,,,,,,,,,,,,,,,,,,,,,,,,,,,,,
,,,,,,,,,,,,,,,,,,,,,,,,,,,,,,,,
,,,,,,,,,,,,,,,,,,,,,,,,,,,,,,,,
,,,,,,,,,,,,,,,,,,,,,,,,,,,,,,,,
,,,,,,,,,,,,,,,,,,,,,,,,,,,,,,,,
,,,,,,,,,,,,,,,,,,,,,,,,,,,,,,,,
,,,,,,,,,,,,,,,,,,,,,,,,,,,,,,,,
,,,,,,,,,,,,,,,,,,,,,,,,,,,,,,,,
,,,,,,,,,,,,,,,,,,,,,,,,,,,,,,,,
,,,,,,,,,,,,,,,,,,,,,,,,,,,,,,,,
,,,,,,,,,,,,,,,,,,,,,,,,,,,,,,,,
,,,,,,,,,,,,,,,,,,,,,,,,,,,,,,,,
,,,,,,,,,,,,,,,,,,,,,,,,,,,,,,,,
,,,,,,,,,,,,,,,,,,,,,,,,,,,,,,,,
,,,,,,,,,,,,,,,,,,,,,,,,,,,,,,,,
,,,,,,,,,,,,,,,,,,,,,,,,,,,,,,,,
,,,,,,,,,,,,,,,,,,,,,,,,,,,,,,,,
,,,,,,,,,,,,,,,,,,,,,,,,,,,,,,,,
,,,,,,,,,,,,,,,,,,,,,,,,,,,,,,,,
,,,,,,,,,,,,,,,,,,,,,,,,,,,,,,,,
,,,,,,,,,,,,,,,,,,,,,,,,,,,,,,,,
,,,,,,,,,,,,,,,,,,,,,,,,,,,,,,,,
,,,,,,,,,,,,,,,,,,,,,,,,,,,,,,,,
,,,,,,,,,,,,,,,,,,,,,,,,,,,,,,,,
,,,,,,,,,,,,,,,,,,,,,,,,,,,,,,,,
,,,,,,,,,,,,,,,,,,,,,,,,,,,,,,,,
,,,,,,,,,,,,,,,,,,,,,,,,,,,,,,,,
,,,,,,,,,,,,,,,,,,,,,,,,,,,,,,,,
,,,,,,,,,,,,,,,,,,,,,,,,,,,,,,,,
,,,,,,,,,,,,,,,,,,,,,,,,,,,,,,,,
,,,,,,,,,,,,,,,,,,,,,,,,,,,,,,,,
,,,,,,,,,,,,,,,,,,,,,,,,,,,,,,,,
,,,,,,,,,,,,,,,,,,,,,,,,,,,,,,,,
,,,,,,,,,,,,,,,,,,,,,,,,,,,,,,,,
,,,,,,,,,,,,,,,,,,,,,,,,,,,,,,,,
,,,,,,,,,,,,,,,,,,,,,,,,,,,,,,,,
,,,,,,,,,,,,,,,,,,,,,,,,,,,,,,,,
,,,,,,,,,,,,,,,,,,,,,,,,,,,,,,,,
,,,,,,,,,,,,,,,,,,,,,,,,,,,,,,,,
,,,,,,,,,,,,,,,,,,,,,,,,,,,,,,,,
,,,,,,,,,,,,,,,,,,,,,,,,,,,,,,,,
,,,,,,,,,,,,,,,,,,,,,,,,,,,,,,,,
,,,,,,,,,,,,,,,,,,,,,,,,,,,,,,,,
,,,,,,,,,,,,,,,,,,,,,,,,,,,,,,,,
,,,,,,,,,,,,,,,,,,,,,,,,,,,,,,,,
,,,,,,,,,,,,,,,,,,,,,,,,,,,,,,,,
,,,,,,,,,,,,,,,,,,,,,,,,,,,,,,,,
,,,,,,,,,,,,,,,,,,,,,,,,,,,,,,,,
,,,,,,,,,,,,,,,,,,,,,,,,,,,,,,,,
,,,,,,,,,,,,,,,,,,,,,,,,,,,,,,,,
,,,,,,,,,,,,,,,,,,,,,,,,,,,,,,,,
,,,,,,,,,,,,,,,,,,,,,,,,,,,,,,,,
,,,,,,,,,,,,,,,,,,,,,,,,,,,,,,,,
,,,,,,,,,,,,,,,,,,,,,,,,,,,,,,,,
,,,,,,,,,,,,,,,,,,,,,,,,,,,,,,,,
,,,,,,,,,,,,,,,,,,,,,,,,,,,,,,,,
,,,,,,,,,,,,,,,,,,,,,,,,,,,,,,,,
,,,,,,,,,,,,,,,,,,,,,,,,,,,,,,,,
,,,,,,,,,,,,,,,,,,,,,,,,,,,,,,,,
,,,,,,,,,,,,,,,,,,,,,,,,,,,,,,,,
,,,,,,,,,,,,,,,,,,,,,,,,,,,,,,,,
,,,,,,,,,,,,,,,,,,,,,,,,,,,,,,,,
,,,,,,,,,,,,,,,,,,,,,,,,,,,,,,,,
,,,,,,,,,,,,,,,,,,,,,,,,,,,,,,,,
,,,,,,,,,,,,,,,,,,,,,,,,,,,,,,,,
,,,,,,,,,,,,,,,,,,,,,,,,,,,,,,,,
,,,,,,,,,,,,,,,,,,,,,,,,,,,,,,,,
,,,,,,,,,,,,,,,,,,,,,,,,,,,,,,,,
,,,,,,,,,,,,,,,,,,,,,,,,,,,,,,,,
,,,,,,,,,,,,,,,,,,,,,,,,,,,,,,,,
,,,,,,,,,,,,,,,,,,,,,,,,,,,,,,,,
,,,,,,,,,,,,,,,,,,,,,,,,,,,,,,,,
,,,,,,,,,,,,,,,,,,,,,,,,,,,,,,,,
,,,,,,,,,,,,,,,,,,,,,,,,,,,,,,,,
,,,,,,,,,,,,,,,,,,,,,,,,,,,,,,,,
,,,,,,,,,,,,,,,,,,,,,,,,,,,,,,,,
,,,,,,,,,,,,,,,,,,,,,,,,,,,,,,,,
,,,,,,,,,,,,,,,,,,,,,,,,,,,,,,,,
,,,,,,,,,,,,,,,,,,,,,,,,,,,,,,,,
,,,,,,,,,,,,,,,,,,,,,,,,,,,,,,,,
,,,,,,,,,,,,,,,,,,,,,,,,,,,,,,,,
,,,,,,,,,,,,,,,,,,,,,,,,,,,,,,,,
,,,,,,,,,,,,,,,,,,,,,,,,,,,,,,,,
,,,,,,,,,,,,,,,,,,,,,,,,,,,,,,,,
,,,,,,,,,,,,,,,,,,,,,,,,,,,,,,,,
,,,,,,,,,,,,,,,,,,,,,,,,,,,,,,,,
,,,,,,,,,,,,,,,,,,,,,,,,,,,,,,,,
,,,,,,,,,,,,,,,,,,,,,,,,,,,,,,,,
,,,,,,,,,,,,,,,,,,,,,,,,,,,,,,,,
,,,,,,,,,,,,,,,,,,,,,,,,,,,,,,,,
,,,,,,,,,,,,,,,,,,,,,,,,,,,,,,,,
,,,,,,,,,,,,,,,,,,,,,,,,,,,,,,,,
,,,,,,,,,,,,,,,,,,,,,,,,,,,,,,,,
,,,,,,,,,,,,,,,,,,,,,,,,,,,,,,,,
,,,,,,,,,,,,,,,,,,,,,,,,,,,,,,,,
,,,,,,,,,,,,,,,,,,,,,,,,,,,,,,,,
,,,,,,,,,,,,,,,,,,,,,,,,,,,,,,,,
,,,,,,,,,,,,,,,,,,,,,,,,,,,,,,,,
,,,,,,,,,,,,,,,,,,,,,,,,,,,,,,,,
,,,,,,,,,,,,,,,,,,,,,,,,,,,,,,,,
,,,,,,,,,,,,,,,,,,,,,,,,,,,,,,,,
,,,,,,,,,,,,,,,,,,,,,,,,,,,,,,,,
,,,,,,,,,,,,,,,,,,,,,,,,,,,,,,,,
,,,,,,,,,,,,,,,,,,,,,,,,,,,,,,,,
,,,,,,,,,,,,,,,,,,,,,,,,,,,,,,,,
,,,,,,,,,,,,,,,,,,,,,,,,,,,,,,,,
,,,,,,,,,,,,,,,,,,,,,,,,,,,,,,,,
,,,,,,,,,,,,,,,,,,,,,,,,,,,,,,,,
,,,,,,,,,,,,,,,,,,,,,,,,,,,,,,,,
,,,,,,,,,,,,,,,,,,,,,,,,,,,,,,,,
,,,,,,,,,,,,,,,,,,,,,,,,,,,,,,,,
,,,,,,,,,,,,,,,,,,,,,,,,,,,,,,,,
,,,,,,,,,,,,,,,,,,,,,,,,,,,,,,,,
,,,,,,,,,,,,,,,,,,,,,,,,,,,,,,,,
,,,,,,,,,,,,,,,,,,,,,,,,,,,,,,,,
,,,,,,,,,,,,,,,,,,,,,,,,,,,,,,,,
,,,,,,,,,,,,,,,,,,,,,,,,,,,,,,,,
,,,,,,,,,,,,,,,,,,,,,,,,,,,,,,,,
,,,,,,,,,,,,,,,,,,,,,,,,,,,,,,,,
,,,,,,,,,,,,,,,,,,,,,,,,,,,,,,,,
,,,,,,,,,,,,,,,,,,,,,,,,,,,,,,,,
,,,,,,,,,,,,,,,,,,,,,,,,,,,,,,,,
,,,,,,,,,,,,,,,,,,,,,,,,,,,,,,,,
,,,,,,,,,,,,,,,,,,,,,,,,,,,,,,,,
,,,,,,,,,,,,,,,,,,,,,,,,,,,,,,,,
,,,,,,,,,,,,,,,,,,,,,,,,,,,,,,,,
,,,,,,,,,,,,,,,,,,,,,,,,,,,,,,,,
,,,,,,,,,,,,,,,,,,,,,,,,,,,,,,,,
,,,,,,,,,,,,,,,,,,,,,,,,,,,,,,,,
,,,,,,,,,,,,,,,,,,,,,,,,,,,,,,,,
,,,,,,,,,,,,,,,,,,,,,,,,,,,,,,,,
,,,,,,,,,,,,,,,,,,,,,,,,,,,,,,,,
,,,,,,,,,,,,,,,,,,,,,,,,,,,,,,,,
,,,,,,,,,,,,,,,,,,,,,,,,,,,,,,,,
,,,,,,,,,,,,,,,,,,,,,,,,,,,,,,,,
,,,,,,,,,,,,,,,,,,,,,,,,,,,,,,,,
,,,,,,,,,,,,,,,,,,,,,,,,,,,,,,,,
,,,,,,,,,,,,,,,,,,,,,,,,,,,,,,,,
,,,,,,,,,,,,,,,,,,,,,,,,,,,,,,,,
,,,,,,,,,,,,,,,,,,,,,,,,,,,,,,,,
,,,,,,,,,,,,,,,,,,,,,,,,,,,,,,,,
,,,,,,,,,,,,,,,,,,,,,,,,,,,,,,,,
,,,,,,,,,,,,,,,,,,,,,,,,,,,,,,,,
,,,,,,,,,,,,,,,,,,,,,,,,,,,,,,,,
,,,,,,,,,,,,,,,,,,,,,,,,,,,,,,,,
,,,,,,,,,,,,,,,,,,,,,,,,,,,,,,,,
,,,,,,,,,,,,,,,,,,,,,,,,,,,,,,,,
,,,,,,,,,,,,,,,,,,,,,,,,,,,,,,,,
,,,,,,,,,,,,,,,,,,,,,,,,,,,,,,,,
,,,,,,,,,,,,,,,,,,,,,,,,,,,,,,,,
,,,,,,,,,,,,,,,,,,,,,,,,,,,,,,,,
,,,,,,,,,,,,,,,,,,,,,,,,,,,,,,,,
,,,,,,,,,,,,,,,,,,,,,,,,,,,,,,,,
,,,,,,,,,,,,,,,,,,,,,,,,,,,,,,,,
,,,,,,,,,,,,,,,,,,,,,,,,,,,,,,,,
,,,,,,,,,,,,,,,,,,,,,,,,,,,,,,,,
,,,,,,,,,,,,,,,,,,,,,,,,,,,,,,,,
,,,,,,,,,,,,,,,,,,,,,,,,,,,,,,,,
,,,,,,,,,,,,,,,,,,,,,,,,,,,,,,,,
,,,,,,,,,,,,,,,,,,,,,,,,,,,,,,,,
,,,,,,,,,,,,,,,,,,,,,,,,,,,,,,,,
,,,,,,,,,,,,,,,,,,,,,,,,,,,,,,,,
,,,,,,,,,,,,,,,,,,,,,,,,,,,,,,,,
,,,,,,,,,,,,,,,,,,,,,,,,,,,,,,,,
,,,,,,,,,,,,,,,,,,,,,,,,,,,,,,,,
,,,,,,,,,,,,,,,,,,,,,,,,,,,,,,,,
,,,,,,,,,,,,,,,,,,,,,,,,,,,,,,,,
,,,,,,,,,,,,,,,,,,,,,,,,,,,,,,,,
,,,,,,,,,,,,,,,,,,,,,,,,,,,,,,,,
,,,,,,,,,,,,,,,,,,,,,,,,,,,,,,,,
,,,,,,,,,,,,,,,,,,,,,,,,,,,,,,,,
,,,,,,,,,,,,,,,,,,,,,,,,,,,,,,,,
,,,,,,,,,,,,,,,,,,,,,,,,,,,,,,,,
,,,,,,,,,,,,,,,,,,,,,,,,,,,,,,,,
,,,,,,,,,,,,,,,,,,,,,,,,,,,,,,,,
,,,,,,,,,,,,,,,,,,,,,,,,,,,,,,,,
,,,,,,,,,,,,,,,,,,,,,,,,,,,,,,,,
,,,,,,,,,,,,,,,,,,,,,,,,,,,,,,,,
,,,,,,,,,,,,,,,,,,,,,,,,,,,,,,,,
,,,,,,,,,,,,,,,,,,,,,,,,,,,,,,,,
,,,,,,,,,,,,,,,,,,,,,,,,,,,,,,,,
,,,,,,,,,,,,,,,,,,,,,,,,,,,,,,,,
,,,,,,,,,,,,,,,,,,,,,,,,,,,,,,,,
,,,,,,,,,,,,,,,,,,,,,,,,,,,,,,,,
,,,,,,,,,,,,,,,,,,,,,,,,,,,,,,,,
,,,,,,,,,,,,,,,,,,,,,,,,,,,,,,,,
,,,,,,,,,,,,,,,,,,,,,,,,,,,,,,,,
,,,,,,,,,,,,,,,,,,,,,,,,,,,,,,,,
,,,,,,,,,,,,,,,,,,,,,,,,,,,,,,,,
,,,,,,,,,,,,,,,,,,,,,,,,,,,,,,,,
,,,,,,,,,,,,,,,,,,,,,,,,,,,,,,,,
,,,,,,,,,,,,,,,,,,,,,,,,,,,,,,,,
,,,,,,,,,,,,,,,,,,,,,,,,,,,,,,,,
,,,,,,,,,,,,,,,,,,,,,,,,,,,,,,,,
,,,,,,,,,,,,,,,,,,,,,,,,,,,,,,,,
,,,,,,,,,,,,,,,,,,,,,,,,,,,,,,,,
,,,,,,,,,,,,,,,,,,,,,,,,,,,,,,,,
,,,,,,,,,,,,,,,,,,,,,,,,,,,,,,,,
,,,,,,,,,,,,,,,,,,,,,,,,,,,,,,,,
,,,,,,,,,,,,,,,,,,,,,,,,,,,,,,,,
,,,,,,,,,,,,,,,,,,,,,,,,,,,,,,,,
,,,,,,,,,,,,,,,,,,,,,,,,,,,,,,,,
,,,,,,,,,,,,,,,,,,,,,,,,,,,,,,,,
,,,,,,,,,,,,,,,,,,,,,,,,,,,,,,,,
,,,,,,,,,,,,,,,,,,,,,,,,,,,,,,,,
,,,,,,,,,,,,,,,,,,,,,,,,,,,,,,,,
,,,,,,,,,,,,,,,,,,,,,,,,,,,,,,,,
,,,,,,,,,,,,,,,,,,,,,,,,,,,,,,,,
,,,,,,,,,,,,,,,,,,,,,,,,,,,,,,,,
,,,,,,,,,,,,,,,,,,,,,,,,,,,,,,,,
,,,,,,,,,,,,,,,,,,,,,,,,,,,,,,,,
,,,,,,,,,,,,,,,,,,,,,,,,,,,,,,,,
,,,,,,,,,,,,,,,,,,,,,,,,,,,,,,,,
,,,,,,,,,,,,,,,,,,,,,,,,,,,,,,,,
,,,,,,,,,,,,,,,,,,,,,,,,,,,,,,,,
,,,,,,,,,,,,,,,,,,,,,,,,,,,,,,,,
,,,,,,,,,,,,,,,,,,,,,,,,,,,,,,,,
,,,,,,,,,,,,,,,,,,,,,,,,,,,,,,,,
,,,,,,,,,,,,,,,,,,,,,,,,,,,,,,,,
,,,,,,,,,,,,,,,,,,,,,,,,,,,,,,,,
,,,,,,,,,,,,,,,,,,,,,,,,,,,,,,,,
,,,,,,,,,,,,,,,,,,,,,,,,,,,,,,,,
,,,,,,,,,,,,,,,,,,,,,,,,,,,,,,,,
,,,,,,,,,,,,,,,,,,,,,,,,,,,,,,,,
,,,,,,,,,,,,,,,,,,,,,,,,,,,,,,,,
,,,,,,,,,,,,,,,,,,,,,,,,,,,,,,,,
,,,,,,,,,,,,,,,,,,,,,,,,,,,,,,,,
,,,,,,,,,,,,,,,,,,,,,,,,,,,,,,,,
,,,,,,,,,,,,,,,,,,,,,,,,,,,,,,,,
,,,,,,,,,,,,,,,,,,,,,,,,,,,,,,,,
,,,,,,,,,,,,,,,,,,,,,,,,,,,,,,,,
,,,,,,,,,,,,,,,,,,,,,,,,,,,,,,,,
,,,,,,,,,,,,,,,,,,,,,,,,,,,,,,,,
,,,,,,,,,,,,,,,,,,,,,,,,,,,,,,,,
,,,,,,,,,,,,,,,,,,,,,,,,,,,,,,,,
,,,,,,,,,,,,,,,,,,,,,,,,,,,,,,,,
,,,,,,,,,,,,,,,,,,,,,,,,,,,,,,,,
,,,,,,,,,,,,,,,,,,,,,,,,,,,,,,,,
,,,,,,,,,,,,,,,,,,,,,,,,,,,,,,,,
,,,,,,,,,,,,,,,,,,,,,,,,,,,,,,,,
,,,,,,,,,,,,,,,,,,,,,,,,,,,,,,,,
,,,,,,,,,,,,,,,,,,,,,,,,,,,,,,,,
,,,,,,,,,,,,,,,,,,,,,,,,,,,,,,,,
,,,,,,,,,,,,,,,,,,,,,,,,,,,,,,,,
,,,,,,,,,,,,,,,,,,,,,,,,,,,,,,,,
,,,,,,,,,,,,,,,,,,,,,,,,,,,,,,,,
,,,,,,,,,,,,,,,,,,,,,,,,,,,,,,,,
,,,,,,,,,,,,,,,,,,,,,,,,,,,,,,,,
,,,,,,,,,,,,,,,,,,,,,,,,,,,,,,,,
,,,,,,,,,,,,,,,,,,,,,,,,,,,,,,,,
,,,,,,,,,,,,,,,,,,,,,,,,,,,,,,,,
